,FEATURE_1,FEATURE_2,FEATURE_3,FEATURE_4,FEATURE_5,FEATURE_6,FEATURE_7,FEATURE_8,FEATURE_9,FEATURE_10,FEATURE_11,FEATURE_12,FEATURE_13,FEATURE_14,FEATURE_15,FEATURE_16,FEATURE_17,FEATURE_18,FEATURE_19,FEATURE_20,FEATURE_21,FEATURE_22,FEATURE_23,FEATURE_24,FEATURE_25,FEATURE_26,FEATURE_27,FEATURE_28,FEATURE_29,FEATURE_30,FEATURE_31,FEATURE_32,MEAN,VARIANCE,PERSON
0,31629,61377,76309,32938,74861,46889,67976,103994,80725,30995,65061,74816,34402,82821,77748,22632,31629,61377,76309,32938,74861,46889,67976,103994,80725,30995,65061,74816,34402,82821,77748,22632,37,7,10
1,21244,75199,95215,34105,94724,54768,52967,65455,96343,52271,37600,92286,30800,96906,92686,24909,21244,75199,95215,34105,94724,54768,52967,65455,96343,52271,37600,92286,30800,96906,92686,24909,39,7,10
2,24492,81352,93779,34270,88119,74295,52545,93135,75177,63903,39663,95101,20731,56996,95451,36747,24492,81352,93779,34270,88119,74295,52545,93135,75177,63903,39663,95101,20731,56996,95451,36747,40,7,10
3,25419,80679,78173,37271,100902,47239,58583,123389,98113,40661,44754,120030,41669,84235,105576,44253,25419,80679,78173,37271,100902,47239,58583,123389,98113,40661,44754,120030,41669,84235,105576,44253,44,7,10
4,19447,80584,125858,46730,122928,85133,86426,98200,102553,62193,66873,69550,34511,92561,103729,30839,19447,80584,125858,46730,122928,85133,86426,98200,102553,62193,66873,69550,34511,92561,103729,30839,47,7,10
5,33726,92687,109029,36051,70015,43728,39277,105868,63561,43617,44857,81467,36473,90109,104943,32544,33726,92687,109029,36051,70015,43728,39277,105868,63561,43617,44857,81467,36473,90109,104943,32544,40,7,10
6,36667,108476,107691,40850,88451,51813,54973,120624,54930,30314,53219,72286,24094,63644,81418,20647,36667,108476,107691,40850,88451,51813,54973,120624,54930,30314,53219,72286,24094,63644,81418,20647,39,7,10
7,29115,103557,109678,38817,77694,60730,53262,61650,66908,50758,34950,92599,24318,92889,102341,27235,29115,103557,109678,38817,77694,60730,53262,61650,66908,50758,34950,92599,24318,92889,102341,27235,40,7,10
8,28057,89465,95597,25798,77930,38944,48406,86660,83628,41040,45980,93562,24034,77142,72482,30268,28057,89465,95597,25798,77930,38944,48406,86660,83628,41040,45980,93562,24034,77142,72482,30268,37,7,11
9,35518,97081,99701,34652,82867,41412,56149,87099,84725,50116,56275,85779,15412,68511,70056,27935,35518,97081,99701,34652,82867,41412,56149,87099,84725,50116,56275,85779,15412,68511,70056,27935,38,7,11
10,41343,95295,91842,41297,81706,47129,56478,86351,91146,37433,46637,96545,26664,94284,99571,32310,41343,95295,91842,41297,81706,47129,56478,86351,91146,37433,46637,96545,26664,94284,99571,32310,41,7,11
11,38683,101721,100878,49377,81680,44709,56171,96985,86162,39692,51063,104607,29632,88524,98734,33664,38683,101721,100878,49377,81680,44709,56171,96985,86162,39692,51063,104607,29632,88524,98734,33664,43,7,11
12,41681,104932,92815,30209,103966,47574,47704,100037,81747,50131,47814,82663,18930,66224,65876,17935,41681,104932,92815,30209,103966,47574,47704,100037,81747,50131,47814,82663,18930,66224,65876,17935,39,7,11
13,31201,75873,70167,35801,85070,45805,37688,88162,96844,52713,42186,90037,36061,81705,86017,31567,31201,75873,70167,35801,85070,45805,37688,88162,96844,52713,42186,90037,36061,81705,86017,31567,38,7,11
14,31682,88763,95910,32539,94354,48744,45266,92017,84371,52067,52345,84755,19076,69041,69716,21738,31682,88763,95910,32539,94354,48744,45266,92017,84371,52067,52345,84755,19076,69041,69716,21738,38,7,11
15,40760,103268,99783,39365,95655,54913,53590,106715,77362,54862,51444,82305,22308,74546,74914,21719,40760,103268,99783,39365,95655,54913,53590,106715,77362,54862,51444,82305,22308,74546,74914,21719,41,7,11
16,35784,102789,104051,35982,92919,48943,39836,106475,83205,61863,40224,100679,19143,90858,102574,42105,35784,102789,104051,35982,92919,48943,39836,106475,83205,61863,40224,100679,19143,90858,102574,42105,43,7,12
17,25230,89428,92323,36575,101208,58159,57405,74484,109080,47025,60907,61609,24837,77719,80393,36615,25230,89428,92323,36575,101208,58159,57405,74484,109080,47025,60907,61609,24837,77719,80393,36615,40,7,12
18,35328,97719,81312,26031,92865,68986,63699,83010,77422,32815,54829,74419,17267,50106,101724,34176,35328,97719,81312,26031,92865,68986,63699,83010,77422,32815,54829,74419,17267,50106,101724,34176,38,7,12
19,32212,95299,106989,40017,112233,65211,60986,103568,107479,58116,50903,82314,13660,79576,73940,35985,32212,95299,106989,40017,112233,65211,60986,103568,107479,58116,50903,82314,13660,79576,73940,35985,43,7,12
20,32146,97529,111271,45248,86751,37054,52866,113740,100816,32566,64482,105918,42472,94606,105180,40486,32146,97529,111271,45248,86751,37054,52866,113740,100816,32566,64482,105918,42472,94606,105180,40486,45,7,12
21,38416,101479,107032,33153,96219,44544,51484,109441,89803,32212,66033,100462,41156,93787,104180,38404,38416,101479,107032,33153,96219,44544,51484,109441,89803,32212,66033,100462,41156,93787,104180,38404,44,7,12
22,43488,108932,106812,38742,130849,61870,56874,92603,106528,62158,52059,81880,31298,106964,102573,39128,43488,108932,106812,38742,130849,61870,56874,92603,106528,62158,52059,81880,31298,106964,102573,39128,47,7,12
23,20525,92405,93663,32322,89147,39894,36782,93016,84318,61854,31009,91989,30765,90181,97126,35573,20525,92405,93663,32322,89147,39894,36782,93016,84318,61854,31009,91989,30765,90181,97126,35573,39,7,12
24,31774,97008,90276,33778,93251,43481,56581,95071,82831,42251,47980,106863,31333,87718,84482,31712,31774,97008,90276,33778,93251,43481,56581,95071,82831,42251,47980,106863,31333,87718,84482,31712,41,7,13
25,35376,72638,85250,32126,93924,51199,55496,90581,92242,33676,57528,93048,33794,102021,103387,40121,35376,72638,85250,32126,93924,51199,55496,90581,92242,33676,57528,93048,33794,102021,103387,40121,41,7,13
26,33011,73536,79462,30432,87050,49277,55566,88848,93625,39972,53925,101140,31735,101972,84022,39363,33011,73536,79462,30432,87050,49277,55566,88848,93625,39972,53925,101140,31735,101972,84022,39363,40,7,13
27,30164,74006,81724,32072,96681,51897,58934,94170,85554,40527,52445,99841,28679,90849,103630,36804,30164,74006,81724,32072,96681,51897,58934,94170,85554,40527,52445,99841,28679,90849,103630,36804,41,7,13
28,38363,90939,93290,31485,103218,56495,55645,102499,101987,45812,51247,83744,38559,98771,99807,28409,38363,90939,93290,31485,103218,56495,55645,102499,101987,45812,51247,83744,38559,98771,99807,28409,43,7,13
29,31208,107314,103962,35180,81977,49751,62155,85479,56942,32676,59555,79767,26621,78834,96616,27757,31208,107314,103962,35180,81977,49751,62155,85479,56942,32676,59555,79767,26621,78834,96616,27757,39,7,13
30,29929,74132,94170,37551,104018,72519,54371,94057,66459,67423,43296,77960,16505,105709,91783,31091,29929,74132,94170,37551,104018,72519,54371,94057,66459,67423,43296,77960,16505,105709,91783,31091,41,7,13
31,32560,108758,102344,39365,97246,50379,69207,96689,95556,50620,50026,73319,34879,86546,82836,18750,32560,108758,102344,39365,97246,50379,69207,96689,95556,50620,50026,73319,34879,86546,82836,18750,42,7,13
32,38761,95800,103771,40652,84269,42778,56904,98898,86362,45791,60059,98720,32917,86137,72091,31474,38761,95800,103771,40652,84269,42778,56904,98898,86362,45791,60059,98720,32917,86137,72091,31474,42,7,14
33,36902,100802,94943,33710,84331,52577,59517,105115,49955,26652,52425,78581,19948,69379,74621,23173,36902,100802,94943,33710,84331,52577,59517,105115,49955,26652,52425,78581,19948,69379,74621,23173,37,7,14
34,32577,89315,51156,15848,61223,57090,71798,79233,81330,67052,53977,88138,24517,71099,87756,26167,32577,89315,51156,15848,61223,57090,71798,79233,81330,67052,53977,88138,24517,71099,87756,26167,37,7,14
35,20695,101933,80352,27951,64275,52235,50166,81955,91135,77061,64997,111440,39817,106739,125890,46942,20695,101933,80352,27951,64275,52235,50166,81955,91135,77061,64997,111440,39817,106739,125890,46942,44,7,14
36,32911,88544,84843,19040,88600,78196,38871,83629,61785,67738,45876,84690,16739,59692,94333,37490,32911,88544,84843,19040,88600,78196,38871,83629,61785,67738,45876,84690,16739,59692,94333,37490,38,7,14
37,29590,44810,39989,18994,78224,47438,51140,102768,77933,47406,48145,88543,15651,73792,71957,33689,29590,44810,39989,18994,78224,47438,51140,102768,77933,47406,48145,88543,15651,73792,71957,33689,33,7,14
38,26839,101991,103955,17355,98184,47698,57593,67551,105709,73086,61359,81270,43823,111597,125626,36695,26839,101991,103955,17355,98184,47698,57593,67551,105709,73086,61359,81270,43823,111597,125626,36695,45,7,14
39,26430,70030,72057,33233,86804,31072,52016,94809,76649,41039,64211,59917,33878,73097,72868,24427,26430,70030,72057,33233,86804,31072,52016,94809,76649,41039,64211,59917,33878,73097,72868,24427,35,7,14
40,33039,83702,77808,40536,93760,45277,44533,58760,48017,37768,36051,87706,10941,68647,66978,20685,33039,83702,77808,40536,93760,45277,44533,58760,48017,37768,36051,87706,10941,68647,66978,20685,33,7,15
41,21035,70427,82265,34878,83175,52104,34032,89385,54695,32976,41486,60397,18724,51311,73998,30027,21035,70427,82265,34878,83175,52104,34032,89385,54695,32976,41486,60397,18724,51311,73998,30027,32,6,15
42,19497,75791,75432,34817,86738,40846,61305,80808,66271,28511,59812,81320,28258,66354,75428,22934,19497,75791,75432,34817,86738,40846,61305,80808,66271,28511,59812,81320,28258,66354,75428,22934,35,7,15
43,33682,74781,84224,39401,85772,58456,42413,78737,50757,43690,51202,65441,20559,50872,75192,26484,33682,74781,84224,39401,85772,58456,42413,78737,50757,43690,51202,65441,20559,50872,75192,26484,34,7,15
44,32296,87730,81294,22303,107275,65872,57629,103894,103723,73028,65267,130820,41652,130254,136219,50079,32296,87730,81294,22303,107275,65872,57629,103894,103723,73028,65267,130820,41652,130254,136219,50079,50,7,15
45,29441,94285,85844,22257,100819,57714,61525,102456,80037,47758,48656,80109,28942,105718,75132,20494,29441,94285,85844,22257,100819,57714,61525,102456,80037,47758,48656,80109,28942,105718,75132,20494,40,7,15
46,21001,88074,104206,38736,108565,55940,37726,96238,55686,46064,39307,89306,28462,83422,82015,26606,21001,88074,104206,38736,108565,55940,37726,96238,55686,46064,39307,89306,28462,83422,82015,26606,39,7,15
47,34844,103049,121153,39796,111634,52603,46967,87344,76442,48713,41414,74123,25479,72427,64034,24654,34844,103049,121153,39796,111634,52603,46967,87344,76442,48713,41414,74123,25479,72427,64034,24654,40,7,15
48,27618,86672,102836,17406,86851,55997,58678,86563,77023,55888,65131,85053,33417,93017,91274,32203,27618,86672,102836,17406,86851,55997,58678,86563,77023,55888,65131,85053,33417,93017,91274,32203,41,7,16
49,21944,89810,93028,33857,76166,54879,50548,84250,79517,60535,65187,75759,23455,88116,80055,26794,21944,89810,93028,33857,76166,54879,50548,84250,79517,60535,65187,75759,23455,88116,80055,26794,39,7,16
50,25709,86934,95348,35922,78221,51554,56814,79787,74682,51387,64156,79660,29461,90093,82115,26630,25709,86934,95348,35922,78221,51554,56814,79787,74682,51387,64156,79660,29461,90093,82115,26630,39,7,16
51,25962,94584,104511,39845,86793,48373,50888,107593,74873,52520,47758,105993,27827,90216,85962,38820,25962,94584,104511,39845,86793,48373,50888,107593,74873,52520,47758,105993,27827,90216,85962,38820,42,7,16
52,39201,84395,77340,41336,89404,50568,33595,98722,92720,53126,48061,92255,23393,74404,80809,31650,39201,84395,77340,41336,89404,50568,33595,98722,92720,53126,48061,92255,23393,74404,80809,31650,39,7,16
53,37780,104483,101688,36755,93291,63804,40667,92624,84978,66317,56005,98201,26293,70083,93144,29133,37780,104483,101688,36755,93291,63804,40667,92624,84978,66317,56005,98201,26293,70083,93144,29133,42,7,16
54,32556,100851,91067,39699,83751,64596,41518,91834,81260,64799,45764,96088,27339,73476,84805,27782,32556,100851,91067,39699,83751,64596,41518,91834,81260,64799,45764,96088,27339,73476,84805,27782,40,7,16
55,33638,87049,81277,28862,96507,69652,59777,90215,92834,49472,54800,85248,30963,76076,88260,31847,33638,87049,81277,28862,96507,69652,59777,90215,92834,49472,54800,85248,30963,76076,88260,31847,41,7,16
56,31530,74133,106134,30894,79173,63160,59855,86343,74380,34737,76575,82290,36433,84259,70339,20256,31530,74133,106134,30894,79173,63160,59855,86343,74380,34737,76575,82290,36433,84259,70339,20256,39,7,17
57,31257,94258,103433,29618,93089,46344,51031,81969,90917,47538,61591,87566,23672,92382,73765,21279,31257,94258,103433,29618,93089,46344,51031,81969,90917,47538,61591,87566,23672,92382,73765,21279,40,7,17
58,31232,112633,97466,38090,102082,52592,37230,116511,82788,29183,39786,114376,31969,93123,119082,42341,31232,112633,97466,38090,102082,52592,37230,116511,82788,29183,39786,114376,31969,93123,119082,42341,44,7,17
59,30347,96173,102092,39932,89775,51633,62549,83795,83410,41290,57458,85862,28958,87063,79340,23929,30347,96173,102092,39932,89775,51633,62549,83795,83410,41290,57458,85862,28958,87063,79340,23929,40,7,17
60,26923,91123,91099,30007,92003,50347,42588,82245,93480,43295,45328,87362,34956,104093,82401,30088,26923,91123,91099,30007,92003,50347,42588,82245,93480,43295,45328,87362,34956,104093,82401,30088,40,7,17
61,40517,104122,108936,35375,119699,60441,50574,87025,110515,37299,37703,110849,39296,96873,102485,39874,40517,104122,108936,35375,119699,60441,50574,87025,110515,37299,37703,110849,39296,96873,102485,39874,46,7,17
62,37915,100071,95952,39035,97492,49851,47952,97498,102292,45606,42953,100095,36160,95051,85145,33767,37915,100071,95952,39035,97492,49851,47952,97498,102292,45606,42953,100095,36160,95051,85145,33767,43,7,17
63,22344,74576,96291,26646,81188,57210,56942,67525,65208,32742,64975,65361,40868,96962,85649,15569,22344,74576,96291,26646,81188,57210,56942,67525,65208,32742,64975,65361,40868,96962,85649,15569,37,7,17
64,23087,71851,81639,22404,68712,39374,55388,72424,59749,42381,54781,70030,17626,58980,68260,17412,23087,71851,81639,22404,68712,39374,55388,72424,59749,42381,54781,70030,17626,58980,68260,17412,32,6,18
65,26720,90396,74910,22274,50273,58242,41781,92238,51031,17464,26078,77581,31874,57777,64076,39784,26720,90396,74910,22274,50273,58242,41781,92238,51031,17464,26078,77581,31874,57777,64076,39784,32,6,18
66,31520,94741,106395,19632,73482,36956,37255,74989,66816,28264,34133,76941,23328,54713,61852,36379,31520,94741,106395,19632,73482,36956,37255,74989,66816,28264,34133,76941,23328,54713,61852,36379,33,7,18
67,27532,76532,77615,16788,50494,35281,44994,79587,59137,27165,38848,89727,23915,49940,83646,27214,27532,76532,77615,16788,50494,35281,44994,79587,59137,27165,38848,89727,23915,49940,83646,27214,31,6,18
68,31891,90952,91842,44160,91361,50967,47654,99604,89568,45038,46324,70324,36110,90513,76299,16758,31891,90952,91842,44160,91361,50967,47654,99604,89568,45038,46324,70324,36110,90513,76299,16758,39,7,18
69,31897,91143,98562,38444,89362,51772,36755,95400,75710,46375,38972,76589,37997,91334,78541,29568,31897,91143,98562,38444,89362,51772,36755,95400,75710,46375,38972,76589,37997,91334,78541,29568,39,7,18
70,39163,102876,99596,38975,92922,55209,27082,89143,76385,34755,38587,75842,34163,78757,67095,28457,39163,102876,99596,38975,92922,55209,27082,89143,76385,34755,38587,75842,34163,78757,67095,28457,38,7,18
71,34813,82822,101677,28512,107251,67945,50967,70647,117729,68999,81920,107220,46682,112220,104473,39524,34813,82822,101677,28512,107251,67945,50967,70647,117729,68999,81920,107220,46682,112220,104473,39524,47,7,18
72,31858,82235,79773,34868,93186,54384,40800,91618,84796,61980,51509,104766,35201,87444,83993,48229,31858,82235,79773,34868,93186,54384,40800,91618,84796,61980,51509,104766,35201,87444,83993,48229,41,7,19
73,39494,83416,77720,32634,85783,49767,51855,86356,76036,49214,55665,104985,31140,90016,79229,50502,39494,83416,77720,32634,85783,49767,51855,86356,76036,49214,55665,104985,31140,90016,79229,50502,40,7,19
74,29464,75619,70934,23480,97590,44249,55018,102970,80268,53519,47480,102380,30897,76602,84979,43064,29464,75619,70934,23480,97590,44249,55018,102970,80268,53519,47480,102380,30897,76602,84979,43064,39,7,19
75,38823,85062,72413,32566,79255,54269,52138,94097,86679,34177,43830,102619,33557,77534,88419,32358,38823,85062,72413,32566,79255,54269,52138,94097,86679,34177,43830,102619,33557,77534,88419,32358,39,7,19
76,19941,51367,75055,27326,80566,51341,17709,69727,86571,35653,70458,72364,28771,96227,81498,25775,19941,51367,75055,27326,80566,51341,17709,69727,86571,35653,70458,72364,28771,96227,81498,25775,34,7,19
77,29942,97549,93098,37301,93760,65588,48753,84983,94953,39830,55848,82709,32989,89753,80650,22569,29942,97549,93098,37301,93760,65588,48753,84983,94953,39830,55848,82709,32989,89753,80650,22569,41,7,19
78,26267,72126,82309,39223,96077,61227,36007,94440,97941,40137,48966,92397,33780,105436,94124,44366,26267,72126,82309,39223,96077,61227,36007,94440,97941,40137,48966,92397,33780,105436,94124,44366,41,7,19
79,29340,75077,80598,40853,102443,51862,48393,82260,94194,47548,44785,95631,22046,94665,82866,28681,29340,75077,80598,40853,102443,51862,48393,82260,94194,47548,44785,95631,22046,94665,82866,28681,39,7,19
80,36536,107392,106670,30730,91627,52776,66415,86793,90556,32544,49884,90837,34212,90531,99263,28218,36536,107392,106670,30730,91627,52776,66415,86793,90556,32544,49884,90837,34212,90531,99263,28218,42,7,1
81,28841,95786,103508,41868,79939,63717,44099,98747,79551,56636,41031,103516,18626,92673,106923,34408,28841,95786,103508,41868,79939,63717,44099,98747,79551,56636,41031,103516,18626,92673,106923,34408,42,7,1
82,29673,90736,89798,39114,76449,48505,45461,98208,62777,57720,44828,83090,21181,85126,76056,24325,29673,90736,89798,39114,76449,48505,45461,98208,62777,57720,44828,83090,21181,85126,76056,24325,38,7,1
83,22870,76488,115504,23223,55913,47576,57792,83456,80567,47335,57942,62148,39201,73244,66898,17818,22870,76488,115504,23223,55913,47576,57792,83456,80567,47335,57942,62148,39201,73244,66898,17818,36,7,1
84,31765,102983,102199,30588,91794,42809,52638,70414,84154,45636,57242,56055,20140,88941,91303,22926,31765,102983,102199,30588,91794,42809,52638,70414,84154,45636,57242,56055,20140,88941,91303,22926,38,7,1
85,27529,104543,109866,33113,86207,49879,41975,83652,90113,58321,41180,91329,26829,90967,88099,25300,27529,104543,109866,33113,86207,49879,41975,83652,90113,58321,41180,91329,26829,90967,88099,25300,40,7,1
86,35460,100089,99117,34910,84213,48491,36576,83431,73518,50792,33972,82477,23754,78550,73635,23772,35460,100089,99117,34910,84213,48491,36576,83431,73518,50792,33972,82477,23754,78550,73635,23772,37,7,1
87,25287,103603,101630,34787,81676,49227,43745,81276,84992,52422,40814,83659,24312,87222,81112,28956,25287,103603,101630,34787,81676,49227,43745,81276,84992,52422,40814,83659,24312,87222,81112,28956,39,7,1
88,37136,113900,86783,41965,98536,55064,49359,93054,87781,32414,38561,95121,23481,78276,78998,32465,37136,113900,86783,41965,98536,55064,49359,93054,87781,32414,38561,95121,23481,78276,78998,32465,40,7,20
89,36593,102400,104307,36287,102759,46545,34476,100464,76688,47682,49184,108013,16454,77838,71241,32387,36593,102400,104307,36287,102759,46545,34476,100464,76688,47682,49184,108013,16454,77838,71241,32387,40,7,20
90,43440,119108,97700,41592,101620,63278,47313,79503,86082,35080,44653,94934,27194,72890,87921,33993,43440,119108,97700,41592,101620,63278,47313,79503,86082,35080,44653,94934,27194,72890,87921,33993,42,7,20
91,40685,114697,103757,39867,103188,43487,43048,87726,87757,52123,49144,98352,26756,87537,70479,32300,40685,114697,103757,39867,103188,43487,43048,87726,87757,52123,49144,98352,26756,87537,70479,32300,42,7,20
92,32924,105850,111041,28381,92235,47023,46477,84705,85699,34694,54628,80762,23996,75132,68644,20117,32924,105850,111041,28381,92235,47023,46477,84705,85699,34694,54628,80762,23996,75132,68644,20117,38,7,20
93,39305,116785,110312,39330,111052,47825,44473,88720,98875,55190,42450,86832,28607,81756,77314,28746,39305,116785,110312,39330,111052,47825,44473,88720,98875,55190,42450,86832,28607,81756,77314,28746,42,7,20
94,29392,89853,94313,39646,99291,52603,38793,92302,97852,46474,39236,77196,28390,85768,72499,29324,29392,89853,94313,39646,99291,52603,38793,92302,97852,46474,39236,77196,28390,85768,72499,29324,39,7,20
95,37893,109297,94766,39017,99659,49637,41544,91030,99718,56566,44516,88134,26075,82186,72186,26114,37893,109297,94766,39017,99659,49637,41544,91030,99718,56566,44516,88134,26075,82186,72186,26114,41,7,20
96,40351,106413,113292,41848,104548,53142,35383,96955,105327,49765,41146,85218,26901,90845,74562,32271,40351,106413,113292,41848,104548,53142,35383,96955,105327,49765,41146,85218,26901,90845,74562,32271,42,7,20
97,40936,108723,112960,41190,103612,51759,37456,100822,100621,46443,40563,86257,29106,84260,73144,32191,40936,108723,112960,41190,103612,51759,37456,100822,100621,46443,40563,86257,29106,84260,73144,32191,42,7,20
98,23004,87649,89127,26516,89396,56744,41398,76574,84978,62273,43405,95170,19535,71786,86201,32476,23004,87649,89127,26516,89396,56744,41398,76574,84978,62273,43405,95170,19535,71786,86201,32476,38,7,21
99,20651,89208,84104,25363,86591,53699,46197,93168,81287,56151,40601,59394,24457,89975,67676,27372,20651,89208,84104,25363,86591,53699,46197,93168,81287,56151,40601,59394,24457,89975,67676,27372,36,7,21
100,37152,85804,84492,29337,79411,45403,51226,107431,83562,39695,70478,93620,32889,90259,93270,32797,37152,85804,84492,29337,79411,45403,51226,107431,83562,39695,70478,93620,32889,90259,93270,32797,41,7,21
101,39702,85039,99238,34821,72261,44605,62430,53853,66132,43275,66631,69772,40415,98806,80452,20503,39702,85039,99238,34821,72261,44605,62430,53853,66132,43275,66631,69772,40415,98806,80452,20503,38,7,21
102,25851,90359,78013,28664,87654,58680,44924,99086,62411,64086,65368,119337,27114,96511,108486,30075,25851,90359,78013,28664,87654,58680,44924,99086,62411,64086,65368,119337,27114,96511,108486,30075,42,7,21
103,23957,81400,99019,35619,90776,69358,36522,96144,94674,73796,51302,104702,26421,94489,100051,31845,23957,81400,99019,35619,90776,69358,36522,96144,94674,73796,51302,104702,26421,94489,100051,31845,43,7,21
104,32839,84997,82346,26133,61693,58148,36920,57618,73606,59097,46079,84223,17074,81247,96436,44668,32839,84997,82346,26133,61693,58148,36920,57618,73606,59097,46079,84223,17074,81247,96436,44668,36,7,21
105,36348,85882,91870,30144,92041,40614,63183,79732,98776,48518,57657,72342,44487,103451,86595,21821,36348,85882,91870,30144,92041,40614,63183,79732,98776,48518,57657,72342,44487,103451,86595,21821,41,7,21
106,22195,81442,83534,24161,81271,69821,55231,91904,97896,54328,45429,88274,36222,104799,100565,29489,22195,81442,83534,24161,81271,69821,55231,91904,97896,54328,45429,88274,36222,104799,100565,29489,41,7,21
107,26656,84003,78276,27788,66337,23911,51767,65843,85408,41474,59701,67250,42431,99339,80658,21200,26656,84003,78276,27788,66337,23911,51767,65843,85408,41474,59701,67250,42431,99339,80658,21200,36,7,21
108,35743,91909,108954,44328,84012,57356,56979,93536,82207,32778,64807,83734,33333,83447,83549,24160,35743,91909,108954,44328,84012,57356,56979,93536,82207,32778,64807,83734,33333,83447,83549,24160,41,7,22
109,32593,96735,86775,28604,89218,56072,58615,84626,61622,47370,53299,76566,23681,78033,75904,32671,32593,96735,86775,28604,89218,56072,58615,84626,61622,47370,53299,76566,23681,78033,75904,32671,38,7,22
110,30655,84804,100219,47874,86676,56563,60470,99067,82955,31707,64030,79776,26025,87380,80037,21162,30655,84804,100219,47874,86676,56563,60470,99067,82955,31707,64030,79776,26025,87380,80037,21162,40,7,22
111,16293,70521,93896,36908,89077,59691,53137,86573,69679,50430,35452,93993,25300,71105,74373,30091,16293,70521,93896,36908,89077,59691,53137,86573,69679,50430,35452,93993,25300,71105,74373,30091,37,7,22
112,32399,95813,100110,43510,90600,52979,43118,106779,86587,32495,43218,99846,27592,75464,86827,40786,32399,95813,100110,43510,90600,52979,43118,106779,86587,32495,43218,99846,27592,75464,86827,40786,41,7,22
113,37483,90270,87218,32709,90889,44672,53173,81574,101338,45777,43015,89101,31790,103338,92663,39047,37483,90270,87218,32709,90889,44672,53173,81574,101338,45777,43015,89101,31790,103338,92663,39047,41,7,22
114,40309,117186,89580,27652,94707,44137,48219,94220,108106,46702,42857,89046,34503,83489,82737,31980,40309,117186,89580,27652,94707,44137,48219,94220,108106,46702,42857,89046,34503,83489,82737,31980,42,7,22
115,31188,100566,77710,27048,111026,59227,64767,86802,102180,33182,44645,86864,33937,83755,76719,22646,31188,100566,77710,27048,111026,59227,64767,86802,102180,33182,44645,86864,33937,83755,76719,22646,40,7,22
116,43237,120128,100128,24048,101958,43691,40762,96759,105102,50275,36357,98193,30947,72000,84889,29101,43237,120128,100128,24048,101958,43691,40762,96759,105102,50275,36357,98193,30947,72000,84889,29101,42,7,22
117,42727,85324,74477,26736,80058,50390,66578,81692,49379,33434,52910,94938,25147,74677,71956,27717,42727,85324,74477,26736,80058,50390,66578,81692,49379,33434,52910,94938,25147,74677,71956,27717,36,7,22
118,22620,88794,113869,43782,85360,51446,36587,109831,73777,49234,38887,99401,18738,90467,102148,39187,22620,88794,113869,43782,85360,51446,36587,109831,73777,49234,38887,99401,18738,90467,102148,39187,41,7,23
119,19981,94665,102325,43768,81209,43469,42703,107542,75260,33821,38261,112506,35204,80930,103142,49195,19981,94665,102325,43768,81209,43469,42703,107542,75260,33821,38261,112506,35204,80930,103142,49195,41,7,23
120,27174,77813,91116,33647,67784,57649,63092,97356,68282,40342,64167,98577,24745,95252,106797,32995,27174,77813,91116,33647,67784,57649,63092,97356,68282,40342,64167,98577,24745,95252,106797,32995,40,7,23
121,23550,81259,86236,30810,52886,47586,66755,104123,66875,30582,70052,89011,31880,91243,113468,30889,23550,81259,86236,30810,52886,47586,66755,104123,66875,30582,70052,89011,31880,91243,113468,30889,39,7,23
122,32643,90904,93121,27749,86227,45832,47307,101076,84059,47075,57664,87939,34800,75771,82568,34483,32643,90904,93121,27749,86227,45832,47307,101076,84059,47075,57664,87939,34800,75771,82568,34483,40,7,23
123,30767,101593,101777,35471,99204,45799,50254,80189,100219,34810,57841,89120,35463,101653,97231,28280,30767,101593,101777,35471,99204,45799,50254,80189,100219,34810,57841,89120,35463,101653,97231,28280,42,7,23
124,32593,98299,93667,38821,101409,49249,37312,102627,104812,52809,37902,108045,38161,97885,94560,36882,32593,98299,93667,38821,101409,49249,37312,102627,104812,52809,37902,108045,38161,97885,94560,36882,43,7,23
125,34330,90148,86977,36445,85099,60353,51791,86882,89429,46475,49704,76578,27101,84705,72230,16661,34330,90148,86977,36445,85099,60353,51791,86882,89429,46475,49704,76578,27101,84705,72230,16661,38,7,23
126,34316,105872,105518,37343,102618,58777,35565,95043,100522,43845,40677,104313,37944,94750,95854,33653,34316,105872,105518,37343,102618,58777,35565,95043,100522,43845,40677,104313,37944,94750,95854,33653,44,7,23
127,35133,96949,98591,27067,69004,73991,43949,75966,52298,64034,44258,79276,15734,86062,102502,37936,35133,96949,98591,27067,69004,73991,43949,75966,52298,64034,44258,79276,15734,86062,102502,37936,39,7,23
128,40740,78071,83659,29024,88991,47491,45028,76328,60477,43073,55214,67890,15863,72371,81234,17527,40740,78071,83659,29024,88991,47491,45028,76328,60477,43073,55214,67890,15863,72371,81234,17527,35,7,24
129,31991,79979,78499,22080,86250,43338,54694,75075,59911,31707,37888,99315,24646,66739,89100,25377,31991,79979,78499,22080,86250,43338,54694,75075,59911,31707,37888,99315,24646,66739,89100,25377,35,7,24
130,23795,73926,73392,31036,91832,61799,49944,68434,75394,45492,42379,102770,27827,81603,91919,32686,23795,73926,73392,31036,91832,61799,49944,68434,75394,45492,42379,102770,27827,81603,91919,32686,38,7,24
131,26844,95767,83831,17769,85108,53814,41800,80554,85610,59544,63661,88825,33941,84384,79028,42649,26844,95767,83831,17769,85108,53814,41800,80554,85610,59544,63661,88825,33941,84384,79028,42649,39,7,24
132,32023,82825,88395,25283,106007,45369,60701,70595,90162,61766,46227,103854,21468,69688,83359,35715,32023,82825,88395,25283,106007,45369,60701,70595,90162,61766,46227,103854,21468,69688,83359,35715,39,7,24
133,38239,91194,82041,22612,97842,53483,54516,101956,72965,43505,65272,94404,25938,88709,79255,23505,38239,91194,82041,22612,97842,53483,54516,101956,72965,43505,65272,94404,25938,88709,79255,23505,40,7,24
134,24470,97195,85559,36670,100753,51906,45814,90061,77031,48473,47349,83914,23303,81336,73209,23793,24470,97195,85559,36670,100753,51906,45814,90061,77031,48473,47349,83914,23303,81336,73209,23793,38,7,24
135,29865,108047,92223,36163,117545,54820,53600,81024,73751,33157,39772,89611,27009,82768,66712,23072,29865,108047,92223,36163,117545,54820,53600,81024,73751,33157,39772,89611,27009,82768,66712,23072,39,7,24
136,40304,100844,75525,19122,110969,55431,53192,102316,93265,36997,66395,90610,33071,89277,83442,40312,40304,100844,75525,19122,110969,55431,53192,102316,93265,36997,66395,90610,33071,89277,83442,40312,42,7,24
137,24538,68408,71411,22225,80701,45787,60482,104839,58499,51323,57535,77449,28559,85507,80675,18095,24538,68408,71411,22225,80701,45787,60482,104839,58499,51323,57535,77449,28559,85507,80675,18095,36,7,24
138,26060,87628,102642,26172,69598,49705,48228,84626,78032,53609,46791,81091,28225,71334,61787,28460,26060,87628,102642,26172,69598,49705,48228,84626,78032,53609,46791,81091,28225,71334,61787,28460,36,7,25
139,17311,53540,84363,22890,63550,43337,35066,77326,60986,31213,36016,84339,37181,73030,77436,18098,17311,53540,84363,22890,63550,43337,35066,77326,60986,31213,36016,84339,37181,73030,77436,18098,31,6,25
140,24487,75616,85444,38880,73428,44693,49817,71162,72607,36381,53088,75485,33383,70716,77048,17833,24487,75616,85444,38880,73428,44693,49817,71162,72607,36381,53088,75485,33383,70716,77048,17833,35,7,25
141,22485,69328,82594,36106,78482,49562,44310,83735,72768,39603,46312,92812,21044,86902,85700,27698,22485,69328,82594,36106,78482,49562,44310,83735,72768,39603,46312,92812,21044,86902,85700,27698,36,7,25
142,28056,76775,96293,34359,74042,47717,60424,67838,73692,30062,56631,79584,27353,81872,68019,16843,28056,76775,96293,34359,74042,47717,60424,67838,73692,30062,56631,79584,27353,81872,68019,16843,35,7,25
143,22501,67469,88411,29706,92852,52941,43410,76317,93708,34861,45761,88718,32856,83645,85001,35427,22501,67469,88411,29706,92852,52941,43410,76317,93708,34861,45761,88718,32856,83645,85001,35427,38,7,25
144,28618,68721,76790,32491,93134,37808,72170,83538,90884,50492,44250,94596,25862,90368,79744,27101,28618,68721,76790,32491,93134,37808,72170,83538,90884,50492,44250,94596,25862,90368,79744,27101,38,7,25
145,31327,62545,84037,31316,92691,52448,52906,86227,96817,31284,51968,81379,38943,93862,80326,40720,31327,62545,84037,31316,92691,52448,52906,86227,96817,31284,51968,81379,38943,93862,80326,40720,39,7,25
146,36004,97269,99153,36744,74328,42481,38122,83734,89168,38036,47506,81760,31502,91327,86921,32814,36004,97269,99153,36744,74328,42481,38122,83734,89168,38036,47506,81760,31502,91327,86921,32814,39,7,25
147,36751,75445,72139,21869,83371,42012,72181,73287,94042,32348,77619,92729,39012,95173,74792,33982,36751,75445,72139,21869,83371,42012,72181,73287,94042,32348,77619,92729,39012,95173,74792,33982,39,7,25
148,33818,80803,82323,39774,83502,43834,47552,91364,82460,44238,49329,88821,29831,81385,76893,36141,33818,80803,82323,39774,83502,43834,47552,91364,82460,44238,49329,88821,29831,81385,76893,36141,38,7,26
149,28731,78175,98483,37819,79813,44113,54645,74307,85029,42477,46023,89146,32527,79874,75626,33197,28731,78175,98483,37819,79813,44113,54645,74307,85029,42477,46023,89146,32527,79874,75626,33197,38,7,26
150,34747,94139,92311,41185,88769,48320,52820,84120,80304,41433,51977,72857,25810,79043,58777,23228,34747,94139,92311,41185,88769,48320,52820,84120,80304,41433,51977,72857,25810,79043,58777,23228,37,7,26
151,31466,96773,102578,35894,96736,40054,51499,99398,98021,37653,38920,103483,31559,88285,85670,37012,31466,96773,102578,35894,96736,40054,51499,99398,98021,37653,38920,103483,31559,88285,85670,37012,41,7,26
152,28943,93608,93495,33121,89837,49461,40132,96034,83889,48198,38678,92315,30586,72935,69950,29779,28943,93608,93495,33121,89837,49461,40132,96034,83889,48198,38678,92315,30586,72935,69950,29779,38,7,26
153,33412,106437,94654,41878,87646,40904,43393,99109,106379,35799,37200,89061,42336,83834,92421,30458,33412,106437,94654,41878,87646,40904,43393,99109,106379,35799,37200,89061,42336,83834,92421,30458,41,7,26
154,26652,78543,75694,26765,94977,43783,50249,89986,92355,44363,41290,77919,31154,68548,83915,28305,26652,78543,75694,26765,94977,43783,50249,89986,92355,44363,41290,77919,31154,68548,83915,28305,37,7,26
155,25812,91755,93919,25133,86443,43211,50122,89166,86666,42205,42562,87895,27766,80630,65665,20984,25812,91755,93919,25133,86443,43211,50122,89166,86666,42205,42562,87895,27766,80630,65665,20984,37,7,26
156,29355,86267,83441,28048,87724,50839,45183,96700,78858,66239,46269,90296,27865,86531,68430,21664,29355,86267,83441,28048,87724,50839,45183,96700,78858,66239,46269,90296,27865,86531,68430,21664,38,7,26
157,29481,76654,72377,29609,93311,40849,45982,83973,92441,42876,42987,86640,31973,68755,77127,31434,29481,76654,72377,29609,93311,40849,45982,83973,92441,42876,42987,86640,31973,68755,77127,31434,36,7,26
158,39698,112625,105786,38545,88918,64593,58869,82851,67379,43838,39699,86148,17532,83710,87014,39296,39698,112625,105786,38545,88918,64593,58869,82851,67379,43838,39699,86148,17532,83710,87014,39296,41,7,27
159,29529,110854,92122,30151,85256,54308,52040,73508,91721,56170,35610,94018,21058,92455,91242,30080,29529,110854,92122,30151,85256,54308,52040,73508,91721,56170,35610,94018,21058,92455,91242,30080,40,7,27
160,34215,91372,98853,33296,80733,54664,61634,72973,84341,48138,53252,79417,25795,95018,91064,20605,34215,91372,98853,33296,80733,54664,61634,72973,84341,48138,53252,79417,25795,95018,91064,20605,40,7,27
161,39790,87450,104697,41166,66610,62132,63590,90419,83937,43213,58952,94880,28663,96165,94799,41725,39790,87450,104697,41166,66610,62132,63590,90419,83937,43213,58952,94880,28663,96165,94799,41725,42,7,27
162,38784,105242,89137,41040,88732,52391,62010,91794,73437,38469,48250,75049,24551,102537,88459,24652,38784,105242,89137,41040,88732,52391,62010,91794,73437,38469,48250,75049,24551,102537,88459,24652,40,7,27
163,33403,109318,92582,31022,83011,52217,65528,89310,68763,49775,26631,90950,16441,90864,88227,33703,33403,109318,92582,31022,83011,52217,65528,89310,68763,49775,26631,90950,16441,90864,88227,33703,39,7,27
164,33770,103393,83970,41780,109380,65652,73188,107304,126717,73205,64017,92807,50799,111281,102977,31491,33770,103393,83970,41780,109380,65652,73188,107304,126717,73205,64017,92807,50799,111281,102977,31491,49,7,27
165,39016,98547,90014,23965,92785,48625,67680,91652,66593,50763,27633,78822,14014,84054,81586,33609,39016,98547,90014,23965,92785,48625,67680,91652,66593,50763,27633,78822,14014,84054,81586,33609,38,7,27
166,41685,102699,74080,22457,84933,52735,49876,125304,80368,40261,40367,89999,30985,82565,82098,32739,41685,102699,74080,22457,84933,52735,49876,125304,80368,40261,40367,89999,30985,82565,82098,32739,40,7,27
167,40376,103100,77514,26104,85114,55507,49835,124080,92957,40358,44763,89849,34100,78664,80917,32032,40376,103100,77514,26104,85114,55507,49835,124080,92957,40358,44763,89849,34100,78664,80917,32032,41,7,27
168,15011,59797,66190,32531,82205,56061,51820,76862,85281,43224,42182,87857,31128,87259,79155,29980,15011,59797,66190,32531,82205,56061,51820,76862,85281,43224,42182,87857,31128,87259,79155,29980,36,7,28
169,30833,105732,104601,31796,101171,45581,39833,81605,91243,56823,42276,119171,40828,109553,103649,35050,30833,105732,104601,31796,101171,45581,39833,81605,91243,56823,42276,119171,40828,109553,103649,35050,44,7,28
170,25121,74779,89403,32970,81909,48193,42684,76453,86499,61335,47217,102861,30820,92375,71541,26087,25121,74779,89403,32970,81909,48193,42684,76453,86499,61335,47217,102861,30820,92375,71541,26087,38,7,28
171,34018,91791,107145,33860,89814,49917,55364,74515,89042,48847,50259,104616,37363,110985,104269,38477,34018,91791,107145,33860,89814,49917,55364,74515,89042,48847,50259,104616,37363,110985,104269,38477,43,7,28
172,31872,88779,96254,39555,87829,59499,53631,82623,59562,71023,68252,96513,17120,80955,70397,24152,31872,88779,96254,39555,87829,59499,53631,82623,59562,71023,68252,96513,17120,80955,70397,24152,40,7,28
173,19793,56197,92728,26542,93215,47004,49086,85406,112672,49777,42181,98543,35438,104499,103461,39572,19793,56197,92728,26542,93215,47004,49086,85406,112672,49777,42181,98543,35438,104499,103461,39572,41,7,28
174,21139,85397,93965,32506,84985,50664,48669,83613,93422,65009,58753,104258,30088,92187,86484,32985,21139,85397,93965,32506,84985,50664,48669,83613,93422,65009,58753,104258,30088,92187,86484,32985,41,7,28
175,27325,74318,87223,36544,104292,45477,45557,82647,116735,51831,39300,108580,35477,107576,96021,41868,27325,74318,87223,36544,104292,45477,45557,82647,116735,51831,39300,108580,35477,107576,96021,41868,42,7,28
176,25852,82061,67352,36546,82959,57175,42607,66538,85275,52957,25473,73319,15307,103233,72196,25436,25852,82061,67352,36546,82959,57175,42607,66538,85275,52957,25473,73319,15307,103233,72196,25436,35,7,28
177,25960,83619,85687,33731,77072,49774,38475,87703,83792,63765,41752,99669,24630,90413,91484,37821,25960,83619,85687,33731,77072,49774,38475,87703,83792,63765,41752,99669,24630,90413,91484,37821,39,7,28
178,24239,80630,84597,37212,90897,48405,43415,100237,93322,50940,46796,96517,29271,77277,62530,24534,24239,80630,84597,37212,90897,48405,43415,100237,93322,50940,46796,96517,29271,77277,62530,24534,38,7,29
179,31261,80285,80182,19577,75909,60034,52505,92371,65669,52485,50396,82980,13969,89815,93453,33528,31261,80285,80182,19577,75909,60034,52505,92371,65669,52485,50396,82980,13969,89815,93453,33528,38,7,29
180,21241,65223,92286,25409,87933,53404,60465,91429,81091,36951,49417,104364,31659,77855,63630,31990,21241,65223,92286,25409,87933,53404,60465,91429,81091,36951,49417,104364,31659,77855,63630,31990,38,7,29
181,39985,102896,103839,40874,81273,45145,43961,110332,91057,48840,50412,97720,32202,70848,75941,25387,39985,102896,103839,40874,81273,45145,43961,110332,91057,48840,50412,97720,32202,70848,75941,25387,41,7,29
182,26086,91710,86374,28352,61505,56607,43567,101493,82365,48080,37924,90540,30336,78555,65675,25111,26086,91710,86374,28352,61505,56607,43567,101493,82365,48080,37924,90540,30336,78555,65675,25111,37,7,29
183,30529,88465,87917,34801,75581,58399,56599,85519,78929,54912,49024,85804,26968,97537,99061,30787,30529,88465,87917,34801,75581,58399,56599,85519,78929,54912,49024,85804,26968,97537,99061,30787,40,7,29
184,35904,109050,108910,34071,96367,52711,52793,115000,86360,57647,49776,72554,26087,79220,65715,22268,35904,109050,108910,34071,96367,52711,52793,115000,86360,57647,49776,72554,26087,79220,65715,22268,41,7,29
185,32315,102920,112609,44102,122927,81820,68931,92131,97759,48856,37861,83705,25791,59907,65754,19905,32315,102920,112609,44102,122927,81820,68931,92131,97759,48856,37861,83705,25791,59907,65754,19905,42,7,29
186,24857,80424,86233,32438,83739,40812,37560,77996,75006,44702,34799,88071,14352,52224,56451,21560,24857,80424,86233,32438,83739,40812,37560,77996,75006,44702,34799,88071,14352,52224,56451,21560,33,7,29
187,24252,89253,78751,28366,89472,55968,58537,77481,77483,51883,35739,83239,30311,100347,80348,36483,24252,89253,78751,28366,89472,55968,58537,77481,77483,51883,35739,83239,30311,100347,80348,36483,38,7,29
188,36739,101777,91932,41923,76304,56612,55063,80427,74030,39660,47551,84587,32514,78233,74356,32290,36739,101777,91932,41923,76304,56612,55063,80427,74030,39660,47551,84587,32514,78233,74356,32290,39,7,2
189,29531,93964,106002,30208,74925,59452,54480,93240,89586,55098,57641,88572,30231,98621,87772,40472,29531,93964,106002,30208,74925,59452,54480,93240,89586,55098,57641,88572,30231,98621,87772,40472,42,7,2
190,25098,103420,80629,35411,68367,59456,47185,90497,72622,57920,44289,90419,34303,86139,97264,27567,25098,103420,80629,35411,68367,59456,47185,90497,72622,57920,44289,90419,34303,86139,97264,27567,39,7,2
191,38840,114412,101634,30849,105778,67270,60381,83381,97194,44264,50873,90930,28400,78075,82968,24484,38840,114412,101634,30849,105778,67270,60381,83381,97194,44264,50873,90930,28400,78075,82968,24484,42,7,2
192,38310,96788,87356,30249,102479,61181,52493,103204,82385,46715,43767,91274,36699,89734,83264,31380,38310,96788,87356,30249,102479,61181,52493,103204,82385,46715,43767,91274,36699,89734,83264,31380,42,7,2
193,22872,89795,86279,26451,72540,54010,54434,92333,88147,46480,56166,76887,33777,97892,79969,37704,22872,89795,86279,26451,72540,54010,54434,92333,88147,46480,56166,76887,33777,97892,79969,37704,39,7,2
194,27376,102333,102337,33333,92681,46219,38608,103934,92895,37650,34392,77940,44499,97660,86798,35084,27376,102333,102337,33333,92681,46219,38608,103934,92895,37650,34392,77940,44499,97660,86798,35084,41,7,2
195,38502,107895,107101,37085,87459,57475,44803,107099,92872,42782,38098,74682,37930,89913,78388,32898,38502,107895,107101,37085,87459,57475,44803,107099,92872,42782,38098,74682,37930,89913,78388,32898,41,7,2
196,31471,87217,79840,24886,86768,38239,62833,105323,87046,60555,32451,102170,28175,76170,68511,23969,31471,87217,79840,24886,86768,38239,62833,105323,87046,60555,32451,102170,28175,76170,68511,23969,38,7,30
197,23704,65947,47950,21432,84415,61977,54472,93234,78860,65360,45734,85729,25576,86828,95294,37809,23704,65947,47950,21432,84415,61977,54472,93234,78860,65360,45734,85729,25576,86828,95294,37809,38,7,30
198,32770,73227,82795,35245,96558,45979,67077,109550,91836,62933,68586,91464,21510,85615,70803,22992,32770,73227,82795,35245,96558,45979,67077,109550,91836,62933,68586,91464,21510,85615,70803,22992,41,7,30
199,15620,54582,59080,14244,94846,60484,44747,103774,91373,48317,45614,114251,38665,121217,116430,32937,15620,54582,59080,14244,94846,60484,44747,103774,91373,48317,45614,114251,38665,121217,116430,32937,41,7,30
200,22469,95296,105955,32021,76746,47706,39168,71308,85500,41809,49938,97574,28612,92744,95049,23144,22469,95296,105955,32021,76746,47706,39168,71308,85500,41809,49938,97574,28612,92744,95049,23144,39,7,30
201,26266,87385,99790,34899,73031,45120,48670,88715,112901,51863,61717,82955,33460,76891,59097,20422,26266,87385,99790,34899,73031,45120,48670,88715,112901,51863,61717,82955,33460,76891,59097,20422,39,7,30
202,40342,104414,79277,20039,80305,49225,50790,91283,93567,36221,42240,90908,38797,97121,91178,38598,40342,104414,79277,20039,80305,49225,50790,91283,93567,36221,42240,90908,38797,97121,91178,38598,40,7,30
203,35632,97574,82359,22866,75852,48725,53084,81271,94980,50199,55256,84081,27009,89682,82732,21217,35632,97574,82359,22866,75852,48725,53084,81271,94980,50199,55256,84081,27009,89682,82732,21217,39,7,30
204,32098,81016,79906,34834,75105,40728,59261,81613,64705,38851,53375,89401,26308,83956,78916,27141,32098,81016,79906,34834,75105,40728,59261,81613,64705,38851,53375,89401,26308,83956,78916,27141,37,7,30
205,18852,46381,57646,27457,71511,47837,40358,77724,87431,46991,43859,91743,32658,85781,93968,31984,18852,46381,57646,27457,71511,47837,40358,77724,87431,46991,43859,91743,32658,85781,93968,31984,35,7,30
206,20651,106553,113181,40033,106930,61669,37077,119407,72402,37608,33878,102309,14767,84044,78896,36933,20651,106553,113181,40033,106930,61669,37077,119407,72402,37608,33878,102309,14767,84044,78896,36933,41,7,31
207,35580,101002,113725,43716,92021,51897,42201,113699,83542,24987,47136,94757,29030,87618,78276,37123,35580,101002,113725,43716,92021,51897,42201,113699,83542,24987,47136,94757,29030,87618,78276,37123,42,7,31
208,36465,104748,101706,46598,104747,69380,42769,101852,81783,26841,32361,103524,34345,84038,75808,41173,36465,104748,101706,46598,104747,69380,42769,101852,81783,26841,32361,103524,34345,84038,75808,41173,42,7,31
209,43059,95656,74486,32206,100939,69124,73150,99337,71452,28298,68265,121034,36256,73052,94625,51301,43059,95656,74486,32206,100939,69124,73150,99337,71452,28298,68265,121034,36256,73052,94625,51301,44,7,31
210,38229,106436,92863,26352,87393,57718,68618,112382,79623,32635,45923,81788,22704,86412,84521,28256,38229,106436,92863,26352,87393,57718,68618,112382,79623,32635,45923,81788,22704,86412,84521,28256,41,7,31
211,30530,87262,78803,26499,77748,51317,40792,79527,77390,42410,47090,62041,31285,85626,87865,17143,30530,87262,78803,26499,77748,51317,40792,79527,77390,42410,47090,62041,31285,85626,87865,17143,36,7,31
212,24189,100178,83533,30893,76491,54538,50131,91293,82081,43972,40024,69301,25597,90940,89312,25395,24189,100178,83533,30893,76491,54538,50131,91293,82081,43972,40024,69301,25597,90940,89312,25395,38,7,31
213,37934,113263,87062,34499,93902,58983,62963,94735,87030,30963,45952,65204,37731,82539,83877,19419,37934,113263,87062,34499,93902,58983,62963,94735,87030,30963,45952,65204,37731,82539,83877,19419,40,7,31
214,38234,108190,101121,36307,80284,57557,36281,90515,51753,59576,28677,87730,13959,82564,87747,34044,38234,108190,101121,36307,80284,57557,36281,90515,51753,59576,28677,87730,13959,82564,87747,34044,38,7,31
215,23130,107871,102283,38390,90336,46532,50590,68870,83359,42393,52848,64229,26199,82513,71085,20719,23130,107871,102283,38390,90336,46532,50590,68870,83359,42393,52848,64229,26199,82513,71085,20719,37,7,31
216,36834,84177,82495,20535,80783,59119,49396,77277,84551,45225,67286,100151,32569,67261,79720,33642,36834,84177,82495,20535,80783,59119,49396,77277,84551,45225,67286,100151,32569,67261,79720,33642,39,7,32
217,25820,92358,88659,28065,73229,55962,51173,70130,104018,79806,68491,104739,30817,126060,135371,52098,25820,92358,88659,28065,73229,55962,51173,70130,104018,79806,68491,104739,30817,126060,135371,52098,46,7,32
218,24534,70444,62900,24127,66116,51505,64274,94979,77853,63259,45275,74659,29012,73400,75197,26373,24534,70444,62900,24127,66116,51505,64274,94979,77853,63259,45275,74659,29012,73400,75197,26373,36,7,32
219,23516,73047,77640,24394,95914,42569,59854,85249,76362,43042,62551,73804,27782,93929,77136,36216,23516,73047,77640,24394,95914,42569,59854,85249,76362,43042,62551,73804,27782,93929,77136,36216,38,7,32
220,28507,77941,74311,31098,77954,49108,61460,77089,72475,51473,77845,61806,30735,76205,59876,40467,28507,77941,74311,31098,77954,49108,61460,77089,72475,51473,77845,61806,30735,76205,59876,40467,37,7,32
221,40521,97304,89368,29270,107583,51384,38387,80889,92336,44970,72935,85266,26261,94343,69635,21321,40521,97304,89368,29270,107583,51384,38387,80889,92336,44970,72935,85266,26261,94343,69635,21321,40,7,32
222,28572,77723,79846,31774,94226,51731,52500,78366,91874,43028,62002,85871,34823,86852,76681,37206,28572,77723,79846,31774,94226,51731,52500,78366,91874,43028,62002,85871,34823,86852,76681,37206,39,7,32
223,32308,90802,80089,22205,74729,55290,58045,88650,57085,65239,40294,103300,13238,86072,98165,32653,32308,90802,80089,22205,74729,55290,58045,88650,57085,65239,40294,103300,13238,86072,98165,32653,38,7,32
224,14406,82599,95423,32138,96947,79262,50838,86284,91361,54485,50487,61471,16038,71527,64360,31331,14406,82599,95423,32138,96947,79262,50838,86284,91361,54485,50487,61471,16038,71527,64360,31331,38,7,32
225,27029,78913,74333,29848,65439,55414,69258,81963,98628,46832,47449,74134,23127,69873,64713,29905,27029,78913,74333,29848,65439,55414,69258,81963,98628,46832,47449,74134,23127,69873,64713,29905,36,7,32
226,23916,75680,93312,19959,66879,39633,55034,84770,67924,39457,55895,74151,28271,70306,53906,16248,23916,75680,93312,19959,66879,39633,55034,84770,67924,39457,55895,74151,28271,70306,53906,16248,33,7,33
227,24848,85802,101430,26460,74622,45178,57107,68724,65540,46335,60600,63062,26543,87225,66694,15272,24848,85802,101430,26460,74622,45178,57107,68724,65540,46335,60600,63062,26543,87225,66694,15272,35,7,33
228,27856,79909,101844,31044,76034,53719,39151,82937,72195,47304,42188,101638,27286,82582,86562,26367,27856,79909,101844,31044,76034,53719,39151,82937,72195,47304,42188,101638,27286,82582,86562,26367,38,7,33
229,30474,83048,92454,46526,98794,51463,50796,89348,90131,40098,55895,94533,32586,84912,98447,29219,30474,83048,92454,46526,98794,51463,50796,89348,90131,40098,55895,94533,32586,84912,98447,29219,41,7,33
230,29439,83829,85267,41696,63480,43652,46119,88503,78172,42297,37800,88308,21705,91545,103013,37960,29439,83829,85267,41696,63480,43652,46119,88503,78172,42297,37800,88308,21705,91545,103013,37960,38,7,33
231,35496,85331,85518,36958,80925,65907,60972,74254,105557,38730,43531,73423,25655,77606,89235,32891,35496,85331,85518,36958,80925,65907,60972,74254,105557,38730,43531,73423,25655,77606,89235,32891,39,7,33
232,35975,102321,86392,32095,65391,53389,72226,100609,120044,57037,56582,51298,35683,79885,87662,34373,35975,102321,86392,32095,65391,53389,72226,100609,120044,57037,56582,51298,35683,79885,87662,34373,41,7,33
233,30400,91908,102594,36975,100492,54124,58103,85793,84783,53197,53653,86025,25232,89268,80138,28652,30400,91908,102594,36975,100492,54124,58103,85793,84783,53197,53653,86025,25232,89268,80138,28652,41,7,33
234,24955,81857,84890,34856,98342,52138,46614,103689,90838,51623,50308,90733,26707,94889,79032,32178,24955,81857,84890,34856,98342,52138,46614,103689,90838,51623,50308,90733,26707,94889,79032,32178,40,7,33
235,40243,100483,100407,35537,91164,47866,44534,94377,81798,49858,49632,98560,29949,82336,77630,30285,40243,100483,100407,35537,91164,47866,44534,94377,81798,49858,49632,98560,29949,82336,77630,30285,41,7,33
236,24266,79748,95512,39246,96876,53806,45955,86832,85309,63464,63429,85946,26237,75179,75685,29303,24266,79748,95512,39246,96876,53806,45955,86832,85309,63464,63429,85946,26237,75179,75685,29303,40,7,34
237,20769,92569,91612,34736,88900,47817,46435,82220,113004,53168,67377,70797,26538,80993,66319,22283,20769,92569,91612,34736,88900,47817,46435,82220,113004,53168,67377,70797,26538,80993,66319,22283,39,7,34
238,25155,91795,100483,39080,100556,45536,37732,99853,100440,62368,54345,105613,41521,96650,85877,36622,25155,91795,100483,39080,100556,45536,37732,99853,100440,62368,54345,105613,41521,96650,85877,36622,43,7,34
239,27108,99433,87992,37933,90159,63987,43534,98780,96385,71805,52284,106995,29358,85296,74530,33183,27108,99433,87992,37933,90159,63987,43534,98780,96385,71805,52284,106995,29358,85296,74530,33183,42,7,34
240,15706,69243,78456,29012,58311,66195,40021,73552,57125,67943,46532,86240,12749,74370,89339,29865,15706,69243,78456,29012,58311,66195,40021,73552,57125,67943,46532,86240,12749,74370,89339,29865,34,7,34
241,21245,90322,92038,22354,88997,63004,57632,93508,74870,61479,38608,98987,20192,75286,104028,36165,21245,90322,92038,22354,88997,63004,57632,93508,74870,61479,38608,98987,20192,75286,104028,36165,40,7,34
242,32383,77123,80229,26985,97878,50519,58574,80668,103162,64753,61481,65269,25483,88701,86746,18498,32383,77123,80229,26985,97878,50519,58574,80668,103162,64753,61481,65269,25483,88701,86746,18498,39,7,34
243,25007,73100,76838,30175,94328,55389,48978,95720,101350,54094,60971,93551,30569,108973,110832,29800,25007,73100,76838,30175,94328,55389,48978,95720,101350,54094,60971,93551,30569,108973,110832,29800,42,7,34
244,30466,94616,92809,34108,109783,43674,43553,94793,99886,61737,62992,91522,35809,103911,88638,29471,30466,94616,92809,34108,109783,43674,43553,94793,99886,61737,62992,91522,35809,103911,88638,29471,43,7,34
245,35630,85110,88355,35700,89816,58308,56625,89770,101711,59562,67144,89912,25938,84153,95331,29423,35630,85110,88355,35700,89816,58308,56625,89770,101711,59562,67144,89912,25938,84153,95331,29423,42,7,34
246,16531,73277,91687,26433,78160,75302,68127,108191,96171,68700,70903,131101,39548,117755,116819,35507,16531,73277,91687,26433,78160,75302,68127,108191,96171,68700,70903,131101,39548,117755,116819,35507,47,7,35
247,23482,82137,101764,46267,76052,57927,57269,77519,67038,55992,35016,80875,26100,87227,110437,40543,23482,82137,101764,46267,76052,57927,57269,77519,67038,55992,35016,80875,26100,87227,110437,40543,40,7,35
248,37193,88372,105695,39494,86759,74535,64999,113544,88686,59548,59649,102206,21912,89282,108806,45295,37193,88372,105695,39494,86759,74535,64999,113544,88686,59548,59649,102206,21912,89282,108806,45295,46,7,35
249,13235,56144,82582,28737,78878,62449,53964,95168,101139,71015,67300,106632,36566,115190,119209,35240,13235,56144,82582,28737,78878,62449,53964,95168,101139,71015,67300,106632,36566,115190,119209,35240,43,7,35
250,26680,91189,93824,34044,83463,42156,58668,94105,92668,44651,54185,72653,24482,81764,83789,25856,26680,91189,93824,34044,83463,42156,58668,94105,92668,44651,54185,72653,24482,81764,83789,25856,39,7,35
251,32354,75507,72320,19390,84229,53268,35308,83858,71351,37468,46655,68939,24953,89798,77450,35624,32354,75507,72320,19390,84229,53268,35308,83858,71351,37468,46655,68939,24953,89798,77450,35624,35,7,35
252,32992,81124,83008,23126,102767,49637,48611,92262,87856,42731,36330,86110,33198,98583,83177,32380,32992,81124,83008,23126,102767,49637,48611,92262,87856,42731,36330,86110,33198,98583,83177,32380,39,7,35
253,30634,88972,85668,35188,81455,58130,47452,85429,81553,44121,41028,88416,36207,93500,84896,26852,30634,88972,85668,35188,81455,58130,47452,85429,81553,44121,41028,88416,36207,93500,84896,26852,39,7,35
254,34020,88847,64506,27659,93900,59189,55842,73419,73651,51271,42053,79355,27685,86097,96275,30924,34020,88847,64506,27659,93900,59189,55842,73419,73651,51271,42053,79355,27685,86097,96275,30924,38,7,35
255,30972,71064,78587,27881,48741,57048,38206,103570,83817,45474,34842,87558,37534,90934,105305,38057,30972,71064,78587,27881,48741,57048,38206,103570,83817,45474,34842,87558,37534,90934,105305,38057,38,7,35
256,34884,90268,86410,28735,94606,46980,59992,105186,93018,41445,46716,102949,26224,72110,96616,36152,34884,90268,86410,28735,94606,46980,59992,105186,93018,41445,46716,102949,26224,72110,96616,36152,41,7,36
257,35608,92122,81201,16305,88805,46263,60641,104667,89127,50481,46840,98400,28816,75051,82253,34572,35608,92122,81201,16305,88805,46263,60641,104667,89127,50481,46840,98400,28816,75051,82253,34572,40,7,36
258,25977,72216,73605,23112,93574,49849,50160,98538,92208,45309,48885,108717,30075,80963,90350,37591,25977,72216,73605,23112,93574,49849,50160,98538,92208,45309,48885,108717,30075,80963,90350,37591,39,7,36
259,34107,94235,95172,26861,89140,61147,60728,112239,89234,48622,53391,96993,28165,83972,98328,32007,34107,94235,95172,26861,89140,61147,60728,112239,89234,48622,53391,96993,28165,83972,98328,32007,43,7,36
260,33512,86232,85890,28261,86690,53853,62739,110335,90089,50831,52852,101058,30053,82464,93577,37806,33512,86232,85890,28261,86690,53853,62739,110335,90089,50831,52852,101058,30053,82464,93577,37806,42,7,36
261,25450,80834,72752,30635,96479,54294,59446,93417,90586,50252,48751,88281,28491,86505,81583,32462,25450,80834,72752,30635,96479,54294,59446,93417,90586,50252,48751,88281,28491,86505,81583,32462,39,7,36
262,20134,79403,80844,32472,99071,56293,56411,95783,102263,46371,53849,79555,27670,88414,75751,33318,20134,79403,80844,32472,99071,56293,56411,95783,102263,46371,53849,79555,27670,88414,75751,33318,40,7,36
263,15392,49639,67925,21307,70576,38703,41355,83693,87500,47408,48714,77700,28963,82082,81546,35799,15392,49639,67925,21307,70576,38703,41355,83693,87500,47408,48714,77700,28963,82082,81546,35799,34,7,36
264,24219,73408,68365,26942,96323,61585,61734,98545,110957,53874,63512,89765,38307,94197,84258,36732,24219,73408,68365,26942,96323,61585,61734,98545,110957,53874,63512,89765,38307,94197,84258,36732,42,7,36
265,23715,80776,77670,24525,86656,48133,52775,90374,95132,44867,50781,93785,32821,84826,80361,32324,23715,80776,77670,24525,86656,48133,52775,90374,95132,44867,50781,93785,32821,84826,80361,32324,39,7,36
266,34514,92876,96411,24639,79073,48480,46349,93974,79483,44058,41603,102062,27648,83068,81199,33632,34514,92876,96411,24639,79073,48480,46349,93974,79483,44058,41603,102062,27648,83068,81199,33632,39,7,37
267,33232,100454,101851,20136,79920,44885,45201,89125,77212,38510,42646,107288,21863,81736,91881,35124,33232,100454,101851,20136,79920,44885,45201,89125,77212,38510,42646,107288,21863,81736,91881,35124,39,7,37
268,35389,93604,93021,17309,70569,43405,48566,74797,77323,38078,43325,86636,23808,76411,76087,24659,35389,93604,93021,17309,70569,43405,48566,74797,77323,38078,43325,86636,23808,76411,76087,24659,36,7,37
269,35774,99999,103589,19870,80857,45605,51113,74796,79052,43060,49016,96085,28204,85534,78418,24204,35774,99999,103589,19870,80857,45605,51113,74796,79052,43060,49016,96085,28204,85534,78418,24204,38,7,37
270,35641,72670,103523,22618,73468,48684,50108,75822,79681,39495,46504,98505,32599,85231,95836,25189,35641,72670,103523,22618,73468,48684,50108,75822,79681,39495,46504,98505,32599,85231,95836,25189,38,7,37
271,31919,91635,94308,17390,86582,42276,43696,74051,76550,40563,45955,65727,17225,67061,77037,29909,31919,91635,94308,17390,86582,42276,43696,74051,76550,40563,45955,65727,17225,67061,77037,29909,35,7,37
272,31852,73503,84067,21556,73733,59847,54686,84615,80232,29372,45155,80502,32962,76410,89282,26491,31852,73503,84067,21556,73733,59847,54686,84615,80232,29372,45155,80502,32962,76410,89282,26491,36,7,37
273,36516,102668,110315,46392,93459,50034,65961,51851,84750,41906,49250,48426,33523,78485,77493,18056,36516,102668,110315,46392,93459,50034,65961,51851,84750,41906,49250,48426,33523,78485,77493,18056,38,7,37
274,15874,81768,79048,21806,96135,45648,37438,81820,87707,46095,45546,90236,29154,87844,86728,26313,15874,81768,79048,21806,96135,45648,37438,81820,87707,46095,45546,90236,29154,87844,86728,26313,37,7,37
275,27401,63722,76989,16230,72520,44736,58644,45537,53500,46448,54151,58298,31403,66130,73030,20121,27401,63722,76989,16230,72520,44736,58644,45537,53500,46448,54151,58298,31403,66130,73030,20121,31,6,37
276,23498,90228,81116,31063,90662,46774,52784,95209,84392,42977,40282,95491,36986,100146,96874,38395,23498,90228,81116,31063,90662,46774,52784,95209,84392,42977,40282,95491,36986,100146,96874,38395,40,7,38
277,26027,79412,75438,30412,88693,47145,46501,85382,76772,35035,35673,89971,24013,78025,77069,27348,26027,79412,75438,30412,88693,47145,46501,85382,76772,35035,35673,89971,24013,78025,77069,27348,36,7,38
278,25489,92151,83602,24277,79483,49343,59423,103562,70096,33332,38278,90455,23898,69795,79966,30687,25489,92151,83602,24277,79483,49343,59423,103562,70096,33332,38278,90455,23898,69795,79966,30687,37,7,38
279,26908,90459,83951,29425,88225,48898,64811,97081,82078,39281,46496,93425,22538,85577,91713,26889,26908,90459,83951,29425,88225,48898,64811,97081,82078,39281,46496,93425,22538,85577,91713,26889,39,7,38
280,21892,75392,88347,27050,92188,44920,35768,85741,83815,32036,32050,90449,25291,73647,67284,32022,21892,75392,88347,27050,92188,44920,35768,85741,83815,32036,32050,90449,25291,73647,67284,32022,35,7,38
281,38901,90033,87859,31998,111070,39357,49565,99456,103342,43897,38348,94664,13902,80837,79727,25496,38901,90033,87859,31998,111070,39357,49565,99456,103342,43897,38348,94664,13902,80837,79727,25496,40,7,38
282,27143,92527,90419,27791,102895,45397,47413,109826,104491,43752,41290,95846,41509,99043,96281,40637,27143,92527,90419,27791,102895,45397,47413,109826,104491,43752,41290,95846,41509,99043,96281,40637,43,7,38
283,23479,77252,81290,19327,90697,49702,45477,107137,92449,48280,41117,96079,24587,79321,85945,28340,23479,77252,81290,19327,90697,49702,45477,107137,92449,48280,41117,96079,24587,79321,85945,28340,38,7,38
284,24402,83118,77681,27001,85619,58016,52952,95915,95337,50139,45438,94831,30705,82789,93782,26642,24402,83118,77681,27001,85619,58016,52952,95915,95337,50139,45438,94831,30705,82789,93782,26642,40,7,38
285,22747,77177,70004,20055,102836,49307,51068,94862,90825,42277,40399,92589,19973,74984,70291,23179,22747,77177,70004,20055,102836,49307,51068,94862,90825,42277,40399,92589,19973,74984,70291,23179,36,7,38
286,31837,89431,111872,35691,109073,44955,39537,86947,90352,54511,57813,111698,27644,79068,103573,38265,31837,89431,111872,35691,109073,44955,39537,86947,90352,54511,57813,111698,27644,79068,103573,38265,43,7,39
287,25544,76011,85035,39108,81307,37851,40486,84938,78846,43379,38734,105044,24196,53028,80669,33799,25544,76011,85035,39108,81307,37851,40486,84938,78846,43379,38734,105044,24196,53028,80669,33799,36,7,39
288,34035,108532,107598,38748,93064,57346,58540,87728,92798,43626,47422,109859,25430,76988,100288,35717,34035,108532,107598,38748,93064,57346,58540,87728,92798,43626,47422,109859,25430,76988,100288,35717,43,7,39
289,39920,114573,113960,40216,99596,44836,55620,81082,89339,41938,44114,104054,26059,76717,94961,33614,39920,114573,113960,40216,99596,44836,55620,81082,89339,41938,44114,104054,26059,76717,94961,33614,42,7,39
290,37502,108725,108470,34641,92638,51085,51064,84357,89115,47468,48914,106218,27630,77764,98768,35770,37502,108725,108470,34641,92638,51085,51064,84357,89115,47468,48914,106218,27630,77764,98768,35770,42,7,39
291,28901,101019,103184,33583,117359,61971,56037,106070,83589,54103,40625,89707,28380,90087,78774,30335,28901,101019,103184,33583,117359,61971,56037,106070,83589,54103,40625,89707,28380,90087,78774,30335,43,7,39
292,33888,96545,94343,35761,80347,56331,46908,97117,83877,52037,39754,74244,24500,79764,78438,29381,33888,96545,94343,35761,80347,56331,46908,97117,83877,52037,39754,74244,24500,79764,78438,29381,39,7,39
293,35444,106915,94627,35011,90626,47255,39282,92973,87688,53620,43727,90599,25218,89579,87256,30913,35444,106915,94627,35011,90626,47255,39282,92973,87688,53620,43727,90599,25218,89579,87256,30913,41,7,39
294,41024,114698,98004,34065,79865,40711,44029,93026,74606,57023,39789,85977,22534,84963,75552,27030,41024,114698,98004,34065,79865,40711,44029,93026,74606,57023,39789,85977,22534,84963,75552,27030,39,7,39
295,37350,116009,107352,40837,98340,49069,40475,82206,88931,54531,42802,84494,24608,91064,78900,30352,37350,116009,107352,40837,98340,49069,40475,82206,88931,54531,42802,84494,24608,91064,78900,30352,41,7,39
296,28899,91530,87442,39025,87125,50147,56122,95955,78708,33557,46077,93007,27989,77451,85268,32606,28899,91530,87442,39025,87125,50147,56122,95955,78708,33557,46077,93007,27989,77451,85268,32606,39,7,3
297,24006,84664,78899,32550,89809,44030,52355,103451,81829,39415,49347,86896,32278,86929,87570,33573,24006,84664,78899,32550,89809,44030,52355,103451,81829,39415,49347,86896,32278,86929,87570,33573,39,7,3
298,18908,82659,91803,31107,87673,45939,52543,105079,85147,34709,44020,107329,37046,95676,94017,35606,18908,82659,91803,31107,87673,45939,52543,105079,85147,34709,44020,107329,37046,95676,94017,35606,40,7,3
299,32154,91277,100999,40785,91627,51533,43607,110806,72515,30144,46525,107393,29924,93125,104676,39079,32154,91277,100999,40785,91627,51533,43607,110806,72515,30144,46525,107393,29924,93125,104676,39079,42,7,3
300,24411,83980,95499,34265,84702,47838,41073,95984,87745,53716,42401,104750,31593,80764,80899,30811,24411,83980,95499,34265,84702,47838,41073,95984,87745,53716,42401,104750,31593,80764,80899,30811,39,7,3
301,30940,104501,75255,28350,85006,49822,46575,85273,97887,39695,45538,90386,27361,83951,81888,28069,30940,104501,75255,28350,85006,49822,46575,85273,97887,39695,45538,90386,27361,83951,81888,28069,39,7,3
302,34366,83864,69371,35915,95654,42689,49410,87471,102720,37337,48491,92516,38479,101938,93242,37360,34366,83864,69371,35915,95654,42689,49410,87471,102720,37337,48491,92516,38479,101938,93242,37360,41,7,3
303,33072,79435,85581,39506,90169,37715,49795,104119,98975,41577,42177,90655,37210,92425,93156,34345,33072,79435,85581,39506,90169,37715,49795,104119,98975,41577,42177,90655,37210,92425,93156,34345,41,7,3
304,38492,107737,104380,38420,77822,52415,64530,89001,86760,50807,60307,82189,25997,89747,84783,25675,38492,107737,104380,38420,77822,52415,64530,89001,86760,50807,60307,82189,25997,89747,84783,25675,42,7,40
305,39633,116972,106869,42513,73901,50151,65481,82445,87582,49383,66109,90969,24489,93200,78737,23315,39633,116972,106869,42513,73901,50151,65481,82445,87582,49383,66109,90969,24489,93200,78737,23315,42,7,40
306,38329,105596,109123,37317,79351,52423,60358,91666,92973,54179,68973,85337,22682,90903,84866,23549,38329,105596,109123,37317,79351,52423,60358,91666,92973,54179,68973,85337,22682,90903,84866,23549,42,7,40
307,36841,112342,107470,33434,79333,48401,49670,100189,93642,46193,54585,105886,24774,95456,90588,42220,36841,112342,107470,33434,79333,48401,49670,100189,93642,46193,54585,105886,24774,95456,90588,42220,43,7,40
308,36725,89363,62606,20431,89879,60634,39647,64475,88418,60809,27749,76330,30032,85786,85369,29858,36725,89363,62606,20431,89879,60634,39647,64475,88418,60809,27749,76330,30032,85786,85369,29858,37,7,40
309,35598,103942,104804,30129,106704,60697,55119,90165,101466,49812,62238,99857,28741,97660,75938,24653,35598,103942,104804,30129,106704,60697,55119,90165,101466,49812,62238,99857,28741,97660,75938,24653,44,7,40
310,40469,113139,108549,31927,105187,64180,56500,90792,100318,52000,55045,99821,28792,95367,85125,35375,40469,113139,108549,31927,105187,64180,56500,90792,100318,52000,55045,99821,28792,95367,85125,35375,45,7,40
311,39584,112759,103758,38877,103785,62078,53050,91392,109836,53535,52346,94859,30138,98344,83820,33478,39584,112759,103758,38877,103785,62078,53050,91392,109836,53535,52346,94859,30138,98344,83820,33478,45,7,40
312,24429,79841,78186,37155,99652,43909,53285,113743,99332,39853,41861,102690,27175,105628,106777,38590,24429,79841,78186,37155,99652,43909,53285,113743,99332,39853,41861,102690,27175,105628,106777,38590,42,7,41
313,38996,102341,98715,26050,81200,49982,55620,103265,82055,39664,51073,92676,25157,92655,94520,34186,38996,102341,98715,26050,81200,49982,55620,103265,82055,39664,51073,92676,25157,92655,94520,34186,41,7,41
314,27594,85987,86415,26252,95410,60314,71251,114809,84306,56185,64119,94550,28523,95434,94380,30553,27594,85987,86415,26252,95410,60314,71251,114809,84306,56185,64119,94550,28523,95434,94380,30553,43,7,41
315,28561,89282,87503,25291,94318,47778,62873,102833,82492,48746,50851,91395,22479,94320,91162,31043,28561,89282,87503,25291,94318,47778,62873,102833,82492,48746,50851,91395,22479,94320,91162,31043,41,7,41
316,38449,97525,92584,36349,94405,44693,50846,100259,104384,38460,51706,99206,32801,80547,83363,32351,38449,97525,92584,36349,94405,44693,50846,100259,104384,38460,51706,99206,32801,80547,83363,32351,42,7,41
317,24565,86977,91217,25395,81553,54120,52106,99382,90088,40515,43065,95447,28777,75420,77301,25894,24565,86977,91217,25395,81553,54120,52106,99382,90088,40515,43065,95447,28777,75420,77301,25894,38,7,41
318,25534,88934,85195,20153,86882,54116,48518,98237,87489,41869,42822,89118,26354,72414,81326,21074,25534,88934,85195,20153,86882,54116,48518,98237,87489,41869,42822,89118,26354,72414,81326,21074,37,7,41
319,34057,77394,85708,35589,78465,52822,43678,89941,83644,46556,46307,83555,22934,90941,83896,43538,34057,77394,85708,35589,78465,52822,43678,89941,83644,46556,46307,83555,22934,90941,83896,43538,39,7,41
320,26504,80283,101913,37044,73780,40035,56073,100642,81743,37380,50441,76780,33171,93795,82906,31503,26504,80283,101913,37044,73780,40035,56073,100642,81743,37380,50441,76780,33171,93795,82906,31503,39,7,42
321,38725,90113,68420,29934,95397,58720,40312,99528,81661,50771,49240,97071,34219,99708,100221,39059,38725,90113,68420,29934,95397,58720,40312,99528,81661,50771,49240,97071,34219,99708,100221,39059,41,7,42
322,37776,95448,104207,36776,85002,49153,37920,91267,83330,27953,53692,101621,26324,84420,79428,34348,37776,95448,104207,36776,85002,49153,37920,91267,83330,27953,53692,101621,26324,84420,79428,34348,40,7,42
323,38446,94044,93263,25156,95380,52477,49434,92980,86797,62770,66535,87087,37778,105406,115087,44848,38446,94044,93263,25156,95380,52477,49434,92980,86797,62770,66535,87087,37778,105406,115087,44848,44,7,42
324,37860,91061,96288,42343,95768,47217,58240,94052,78422,45565,48523,104952,28089,93794,91009,31538,37860,91061,96288,42343,95768,47217,58240,94052,78422,45565,48523,104952,28089,93794,91009,31538,42,7,42
325,37237,93016,97343,32429,85094,51280,58247,106987,87792,22785,53730,72962,33687,95417,81981,22189,37237,93016,97343,32429,85094,51280,58247,106987,87792,22785,53730,72962,33687,95417,81981,22189,40,7,42
326,21804,90049,95060,22873,101486,70561,76635,100253,91492,32172,51644,68651,35460,90541,85136,17417,21804,90049,95060,22873,101486,70561,76635,100253,91492,32172,51644,68651,35460,90541,85136,17417,41,7,42
327,36962,108484,93741,23154,73309,65282,66523,90359,45994,63854,32102,88936,18861,77019,102908,33600,36962,108484,93741,23154,73309,65282,66523,90359,45994,63854,32102,88936,18861,77019,102908,33600,39,7,42
328,21794,76163,86848,31940,88212,35728,43456,95714,103134,37148,44679,95010,29244,98751,94171,31319,21794,76163,86848,31940,88212,35728,43456,95714,103134,37148,44679,95010,29244,98751,94171,31319,39,7,43
329,16328,73507,99219,36039,66685,37709,44044,69676,74814,43972,46304,74878,20873,75918,61390,19851,16328,73507,99219,36039,66685,37709,44044,69676,74814,43972,46304,74878,20873,75918,61390,19851,33,7,43
330,23407,61067,65954,25921,67600,42675,38607,75014,62849,47357,41307,77524,23799,79950,74345,26288,23407,61067,65954,25921,67600,42675,38607,75014,62849,47357,41307,77524,23799,79950,74345,26288,32,6,43
331,22425,61914,86022,24880,76193,38959,51212,75738,54137,42875,47561,79401,19126,73539,76227,32056,22425,61914,86022,24880,76193,38959,51212,75738,54137,42875,47561,79401,19126,73539,76227,32056,33,7,43
332,28819,94609,93770,24276,79518,49633,40369,90408,80613,45789,45605,82937,30114,87743,90892,31434,28819,94609,93770,24276,79518,49633,40369,90408,80613,45789,45605,82937,30114,87743,90892,31434,38,7,43
333,28007,100716,96364,20516,68981,39143,32351,85582,73712,40289,40618,79744,24804,80985,77939,28950,28007,100716,96364,20516,68981,39143,32351,85582,73712,40289,40618,79744,24804,80985,77939,28950,35,7,43
334,26037,85268,77519,21955,73362,55830,48934,82370,78369,51700,49388,77764,29873,84324,87475,26812,26037,85268,77519,21955,73362,55830,48934,82370,78369,51700,49388,77764,29873,84324,87475,26812,37,7,43
335,21518,91373,62306,14416,81806,50703,49904,59510,83192,55736,50372,64169,28821,77402,77179,15686,21518,91373,62306,14416,81806,50703,49904,59510,83192,55736,50372,64169,28821,77402,77179,15686,34,7,43
336,25511,91692,111423,28186,92541,53548,56536,84013,95575,53901,54938,98268,28442,90480,85429,29572,25511,91692,111423,28186,92541,53548,56536,84013,95575,53901,54938,98268,28442,90480,85429,29572,42,7,44
337,20047,75552,88181,21538,94100,43727,52328,76552,95819,36045,50059,89658,31302,86392,91479,31776,20047,75552,88181,21538,94100,43727,52328,76552,95819,36045,50059,89658,31302,86392,91479,31776,38,7,44
338,27171,84589,91357,30023,99366,50532,32041,79953,99889,50414,53573,83274,36582,103178,91579,34095,27171,84589,91357,30023,99366,50532,32041,79953,99889,50414,53573,83274,36582,103178,91579,34095,40,7,44
339,29704,76473,84610,16546,98367,45970,36479,94910,95619,48894,52078,81250,25983,79941,83973,27743,29704,76473,84610,16546,98367,45970,36479,94910,95619,48894,52078,81250,25983,79941,83973,27743,38,7,44
340,18089,67013,83322,24949,100421,50458,30348,76776,108884,46825,37508,105794,35375,103115,97446,37605,18089,67013,83322,24949,100421,50458,30348,76776,108884,46825,37508,105794,35375,103115,97446,37605,39,7,44
341,16066,83714,94703,35667,89757,58922,40997,101074,73063,52174,42291,106265,28105,75038,74007,38810,16066,83714,94703,35667,89757,58922,40997,101074,73063,52174,42291,106265,28105,75038,74007,38810,39,7,44
342,22788,85410,94381,34137,103325,53187,33453,80917,109085,66857,47997,106811,33392,86026,105007,41964,22788,85410,94381,34137,103325,53187,33453,80917,109085,66857,47997,106811,33392,86026,105007,41964,43,7,44
343,27482,80623,84461,26937,104884,48152,38872,77976,106001,46011,38915,112868,35721,115833,110108,39407,27482,80623,84461,26937,104884,48152,38872,77976,106001,46011,38915,112868,35721,115833,110108,39407,42,7,44
344,20833,68006,75615,28584,59451,46255,44127,92482,57133,22918,51510,88180,29692,81839,64833,25048,20833,68006,75615,28584,59451,46255,44127,92482,57133,22918,51510,88180,29692,81839,64833,25048,33,7,45
345,32010,61300,85334,26581,78134,51995,35531,90930,87890,33145,35258,79321,35571,77982,80750,34939,32010,61300,85334,26581,78134,51995,35531,90930,87890,33145,35258,79321,35571,77982,80750,34939,36,7,45
346,27967,77529,100851,29766,72937,43102,41987,98411,91878,44618,38980,104386,33274,78941,83045,28560,27967,77529,100851,29766,72937,43102,41987,98411,91878,44618,38980,104386,33274,78941,83045,28560,38,7,45
347,23674,97275,100592,38660,76065,39597,50293,91988,76335,41947,49679,88106,22583,75631,77552,30958,23674,97275,100592,38660,76065,39597,50293,91988,76335,41947,49679,88106,22583,75631,77552,30958,38,7,45
348,29172,58176,71063,27420,82711,42042,42237,77478,80110,38648,60803,62821,23503,74542,57166,14422,29172,58176,71063,27420,82711,42042,42237,77478,80110,38648,60803,62821,23503,74542,57166,14422,32,6,45
349,28707,73912,81401,34288,98758,44913,42000,74667,103425,39477,53099,95780,40076,84190,91911,41414,28707,73912,81401,34288,98758,44913,42000,74667,103425,39477,53099,95780,40076,84190,91911,41414,40,7,45
350,31280,85612,98296,32343,94645,56427,42481,78275,64736,48746,39973,93628,18591,74657,71246,31322,31280,85612,98296,32343,94645,56427,42481,78275,64736,48746,39973,93628,18591,74657,71246,31322,37,7,45
351,23114,73723,84460,27304,70429,37351,43717,101055,94712,34709,58863,91856,22738,77275,78879,33965,23114,73723,84460,27304,70429,37351,43717,101055,94712,34709,58863,91856,22738,77275,78879,33965,37,7,45
352,34016,108529,76251,29331,96441,44882,39888,72889,112440,51981,42030,97589,40170,98243,93910,28847,34016,108529,76251,29331,96441,44882,39888,72889,112440,51981,42030,97589,40170,98243,93910,28847,41,7,4
353,26779,93368,98870,35968,90509,47443,32708,112717,87637,49659,43950,103192,22805,83705,81512,36405,26779,93368,98870,35968,90509,47443,32708,112717,87637,49659,43950,103192,22805,83705,81512,36405,40,7,4
354,21987,101057,108941,40297,78130,52262,47995,100393,85292,48025,46453,110669,22184,84572,88786,34834,21987,101057,108941,40297,78130,52262,47995,100393,85292,48025,46453,110669,22184,84572,88786,34834,41,7,4
355,33456,113734,90495,29545,76918,49761,45343,107618,84146,39586,39223,108718,22617,73411,87644,38273,33456,113734,90495,29545,76918,49761,45343,107618,84146,39586,39223,108718,22617,73411,87644,38273,40,7,4
356,27172,94022,93029,35275,92641,54379,42999,90775,98920,50609,40410,97325,25794,79842,82636,29128,27172,94022,93029,35275,92641,54379,42999,90775,98920,50609,40410,97325,25794,79842,82636,29128,40,7,4
357,29379,76170,80659,31676,95964,54382,61261,80461,98063,42396,46980,78911,29832,78924,68715,19330,29379,76170,80659,31676,95964,54382,61261,80461,98063,42396,46980,78911,29832,78924,68715,19330,38,7,4
358,37047,106997,91286,35889,81728,52354,43204,79764,90245,41926,41036,79916,21835,79619,70962,15987,37047,106997,91286,35889,81728,52354,43204,79764,90245,41926,41036,79916,21835,79619,70962,15987,37,7,4
359,32588,105407,91032,36043,95024,40959,41163,94988,93853,50191,44409,98006,22095,73906,82003,30695,32588,105407,91032,36043,95024,40959,41163,94988,93853,50191,44409,98006,22095,73906,82003,30695,40,7,4
360,36968,100063,100261,26775,85687,47112,53529,64880,68518,63527,59126,95459,26407,108856,99378,41699,36968,100063,100261,26775,85687,47112,53529,64880,68518,63527,59126,95459,26407,108856,99378,41699,42,7,5
361,33013,108137,106383,38799,85008,52535,62451,102106,79210,34800,48769,77776,24858,78099,77523,22598,33013,108137,106383,38799,85008,52535,62451,102106,79210,34800,48769,77776,24858,78099,77523,22598,40,7,5
362,35721,95830,106292,43600,78432,52063,66572,86878,80032,39386,63862,70933,36581,72129,76348,21549,35721,95830,106292,43600,78432,52063,66572,86878,80032,39386,63862,70933,36581,72129,76348,21549,40,7,5
363,34420,103904,105713,31709,92476,57232,61895,109344,49428,61954,51509,78541,23057,77850,64724,26548,34420,103904,105713,31709,92476,57232,61895,109344,49428,61954,51509,78541,23057,77850,64724,26548,40,7,5
364,13775,56715,90341,34221,107526,63345,47388,91058,104776,61456,62920,90098,34905,95382,95470,41098,13775,56715,90341,34221,107526,63345,47388,91058,104776,61456,62920,90098,34905,95382,95470,41098,42,7,5
365,28345,79813,96562,34445,75192,46792,62090,84532,78340,41217,56912,72923,27220,84218,86961,21500,28345,79813,96562,34445,75192,46792,62090,84532,78340,41217,56912,72923,27220,84218,86961,21500,38,7,5
366,31908,78017,93623,34924,70094,56720,48758,80966,58837,38318,57568,61892,27559,73822,68443,19385,31908,78017,93623,34924,70094,56720,48758,80966,58837,38318,57568,61892,27559,73822,68443,19385,35,7,5
367,27120,78858,75620,37851,89100,60376,57291,77489,85808,39873,42237,74657,38290,74898,74941,19251,27120,78858,75620,37851,89100,60376,57291,77489,85808,39873,42237,74657,38290,74898,74941,19251,37,7,5
368,26917,83332,88860,43008,76086,49007,49450,99504,75798,36329,39168,89170,33502,83165,80319,17753,26917,83332,88860,43008,76086,49007,49450,99504,75798,36329,39168,89170,33502,83165,80319,17753,37,7,6
369,37522,103894,90003,30428,87381,49326,41098,91986,80616,41601,47335,103405,28267,79486,68313,31980,37522,103894,90003,30428,87381,49326,41098,91986,80616,41601,47335,103405,28267,79486,68313,31980,39,7,6
370,17549,82113,78666,20275,84996,63489,52983,101739,78988,34920,36098,97603,34256,87432,88557,30708,17549,82113,78666,20275,84996,63489,52983,101739,78988,34920,36098,97603,34256,87432,88557,30708,38,7,6
371,24448,94207,99375,32131,87961,55088,30997,84655,80624,40199,39206,100804,35272,94463,96736,38463,24448,94207,99375,32131,87961,55088,30997,84655,80624,40199,39206,100804,35272,94463,96736,38463,40,7,6
372,23640,76194,86663,37013,100070,48313,46547,80423,78587,36923,36175,84318,29799,88948,83494,29670,23640,76194,86663,37013,100070,48313,46547,80423,78587,36923,36175,84318,29799,88948,83494,29670,37,7,6
373,17970,68760,68400,23732,95854,49798,51555,84755,85826,35873,54834,92356,36037,90576,83588,36561,17970,68760,68400,23732,95854,49798,51555,84755,85826,35873,54834,92356,36037,90576,83588,36561,38,7,6
374,28636,82663,86265,39536,96356,51945,61353,91344,69325,66753,55019,61814,22713,88752,92470,20247,28636,82663,86265,39536,96356,51945,61353,91344,69325,66753,55019,61814,22713,88752,92470,20247,39,7,6
375,18923,78265,76270,30406,99552,60778,54561,89743,76280,39355,36429,93452,30118,87809,83828,30313,18923,78265,76270,30406,99552,60778,54561,89743,76280,39355,36429,93452,30118,87809,83828,30313,38,7,6
376,23391,93302,97014,30367,80135,47334,46859,80174,84096,52939,51614,90538,24251,86338,68271,29829,23391,93302,97014,30367,80135,47334,46859,80174,84096,52939,51614,90538,24251,86338,68271,29829,38,7,7
377,24521,81784,92870,26351,94367,71329,55949,93539,74545,52030,53345,74668,31575,79220,79572,27857,24521,81784,92870,26351,94367,71329,55949,93539,74545,52030,53345,74668,31575,79220,79572,27857,39,7,7
378,25826,69359,81897,26033,81669,44647,34395,72416,86881,49005,40744,83571,35114,81860,68933,27006,25826,69359,81897,26033,81669,44647,34395,72416,86881,49005,40744,83571,35114,81860,68933,27006,35,7,7
379,34927,102178,98421,40830,76523,53203,43297,83165,84382,68369,50730,98702,33584,82257,71641,30921,34927,102178,98421,40830,76523,53203,43297,83165,84382,68369,50730,98702,33584,82257,71641,30921,41,7,7
380,30558,97031,95648,30334,87024,59364,61985,102502,85064,48894,49188,95690,29607,77802,83776,30902,30558,97031,95648,30334,87024,59364,61985,102502,85064,48894,49188,95690,29607,77802,83776,30902,41,7,7
381,26147,80466,74077,31886,79274,54655,53449,86199,85714,38102,43347,86140,21561,66968,75300,27918,26147,80466,74077,31886,79274,54655,53449,86199,85714,38102,43347,86140,21561,66968,75300,27918,36,7,7
382,33597,97491,93609,38429,81812,56789,52474,95151,80505,49754,55489,91983,29960,77508,77242,27836,33597,97491,93609,38429,81812,56789,52474,95151,80505,49754,55489,91983,29960,77508,77242,27836,40,7,7
383,26317,106617,92530,41331,85310,59391,46904,77626,85958,45618,47788,80429,24079,78377,81445,31046,26317,106617,92530,41331,85310,59391,46904,77626,85958,45618,47788,80429,24079,78377,81445,31046,39,7,7
384,18101,95062,106479,38785,81220,51825,46078,99858,70143,52696,52630,102180,25650,97619,83953,32856,18101,95062,106479,38785,81220,51825,46078,99858,70143,52696,52630,102180,25650,97619,83953,32856,41,7,8
385,25143,86679,99158,39543,81635,43561,43757,74735,78510,35513,50787,92703,22799,94494,90966,27723,25143,86679,99158,39543,81635,43561,43757,74735,78510,35513,50787,92703,22799,94494,90966,27723,38,7,8
386,32851,90314,107878,32587,99158,42773,49288,82588,85593,22356,48624,85453,48172,100223,97305,23352,32851,90314,107878,32587,99158,42773,49288,82588,85593,22356,48624,85453,48172,100223,97305,23352,40,7,8
387,27633,103727,103266,35293,72860,56408,61885,62229,81049,29422,56742,68823,23832,96591,88625,18307,27633,103727,103266,35293,72860,56408,61885,62229,81049,29422,56742,68823,23832,96591,88625,18307,38,7,8
388,35274,114755,111662,35538,79190,60474,47900,81620,95381,58517,56898,81911,19479,89451,79403,23949,35274,114755,111662,35538,79190,60474,47900,81620,95381,58517,56898,81911,19479,89451,79403,23949,41,7,8
389,40743,107215,114567,26768,105513,44136,39103,82475,115027,41490,43702,84911,35163,103961,92500,17084,40743,107215,114567,26768,105513,44136,39103,82475,115027,41490,43702,84911,35163,103961,92500,17084,42,7,8
390,38357,107585,107719,35516,84892,56223,38425,86504,99360,59824,42382,78091,22906,87846,86196,19109,38357,107585,107719,35516,84892,56223,38425,86504,99360,59824,42382,78091,22906,87846,86196,19109,41,7,8
391,31165,100507,99938,39363,90293,50439,43983,100021,100785,50674,54171,99086,16686,89457,103122,43216,31165,100507,99938,39363,90293,50439,43983,100021,100785,50674,54171,99086,16686,89457,103122,43216,43,7,8
392,30632,73756,69392,22844,76808,45021,45125,82417,79727,41302,51714,86528,30805,77029,86257,32202,30632,73756,69392,22844,76808,45021,45125,82417,79727,41302,51714,86528,30805,77029,86257,32202,36,7,9
393,29642,80228,72308,25754,82494,48713,40646,91740,81202,38609,42158,93295,32980,89766,81830,28854,29642,80228,72308,25754,82494,48713,40646,91740,81202,38609,42158,93295,32980,89766,81830,28854,37,7,9
394,29184,89947,86024,26530,81441,50905,38902,79900,80155,38230,38949,85037,31419,80330,79614,25088,29184,89947,86024,26530,81441,50905,38902,79900,80155,38230,38949,85037,31419,80330,79614,25088,36,7,9
395,21333,89756,73958,25353,78553,48148,38691,74124,82355,51413,52915,80912,29225,103086,90048,32666,21333,89756,73958,25353,78553,48148,38691,74124,82355,51413,52915,80912,29225,103086,90048,32666,37,7,9
396,32510,103354,74025,27921,82496,69835,54840,76360,84009,51116,46182,92773,35247,73243,88927,34016,32510,103354,74025,27921,82496,69835,54840,76360,84009,51116,46182,92773,35247,73243,88927,34016,40,7,9
397,28932,76003,90725,28874,81789,52474,48296,67959,58017,52500,41811,97659,7507,87440,78626,27501,28932,76003,90725,28874,81789,52474,48296,67959,58017,52500,41811,97659,7507,87440,78626,27501,36,7,9
398,23194,85970,72761,26111,86925,48736,53674,71185,93744,45174,49560,83931,30864,92594,80853,34318,23194,85970,72761,26111,86925,48736,53674,71185,93744,45174,49560,83931,30864,92594,80853,34318,38,7,9
399,30039,74819,74083,37893,80407,58801,55298,73156,81248,53644,48665,77826,20328,75431,76653,37402,30039,74819,74083,37893,80407,58801,55298,73156,81248,53644,48665,77826,20328,75431,76653,37402,37,7,9
400,0,3360,4800,0,3840,94560,83280,5520,4560,87600,95280,5280,0,5760,6720,0,0,3360,4800,0,3840,94560,83280,5520,4560,87600,95280,5280,0,5760,6720,0,15,5,46
401,0,11040,11280,0,13440,110160,98880,13680,14640,106080,100080,13440,0,14160,16320,0,0,11040,11280,0,13440,110160,98880,13680,14640,106080,100080,13440,0,14160,16320,0,20,6,46
402,0,11040,12720,0,12720,96480,95760,13920,11760,108720,91680,13200,0,13680,10080,0,0,11040,12720,0,12720,96480,95760,13920,11760,108720,91680,13200,0,13680,10080,0,19,5,46
403,0,10560,13920,0,14400,86160,107040,19680,15120,106560,96720,17760,0,18960,16080,0,0,10560,13920,0,14400,86160,107040,19680,15120,106560,96720,17760,0,18960,16080,0,20,6,46
404,0,12000,11280,0,13680,99120,103920,15360,12240,102960,90960,13440,0,12000,14160,0,0,12000,11280,0,13680,99120,103920,15360,12240,102960,90960,13440,0,12000,14160,0,19,5,46
405,0,3120,2880,0,5040,85920,93120,5040,4080,94080,96000,6960,0,5520,6720,0,0,3120,2880,0,5040,85920,93120,5040,4080,94080,96000,6960,0,5520,6720,0,15,5,46
406,0,10080,11520,0,12240,103440,95520,12960,11280,105600,94560,12960,0,12960,14640,0,0,10080,11520,0,12240,103440,95520,12960,11280,105600,94560,12960,0,12960,14640,0,19,5,46
407,0,34800,36480,0,36720,114000,104160,36480,37440,107280,98160,37920,0,34800,33360,240,0,34800,36480,0,36720,114000,104160,36480,37440,107280,98160,37920,0,34800,33360,240,27,7,46
408,0,4320,5040,0,6000,90480,95520,6480,4800,100080,104640,5760,0,5280,6480,0,0,4320,5040,0,6000,90480,95520,6480,4800,100080,104640,5760,0,5280,6480,0,16,5,46
409,0,4320,5520,0,5040,100800,102960,4560,6240,100320,92160,5760,0,5040,6960,0,0,4320,5520,0,5040,100800,102960,4560,6240,100320,92160,5760,0,5040,6960,0,17,5,46
